episode,steps,score,coins,crates,bombs,reward,epsilon,killed_self,survived,weight_norm
1,400,33,33,0,0,24.4,0.9995,0,1,3.2491
2,400,23,23,0,0,13.5,0.999,0,1,5.5132
3,400,15,15,0,0,5.3,0.9986,0,1,7.9491
4,400,19,19,0,0,8.95,0.9981,0,1,9.9469
5,400,14,14,0,0,4.4,0.9976,0,1,11.1239
6,400,30,30,0,0,20.65,0.9971,0,1,14.1088
7,400,19,19,0,0,9.2,0.9967,0,1,16.3411
8,400,16,16,0,0,6.1,0.9962,0,1,17.7601
9,400,24,24,0,0,15.55,0.9957,0,1,20.3394
10,400,29,29,0,0,19.65,0.9952,0,1,23.9534
11,400,21,21,0,0,10.75,0.9948,0,1,26.0922
12,400,17,17,0,0,6.95,0.9943,0,1,29.8423
13,400,21,21,0,0,11.7,0.9938,0,1,32.9713
14,400,15,15,0,0,4.7,0.9933,0,1,34.1523
15,400,21,21,0,0,11.7,0.9929,0,1,35.7447
16,400,25,25,0,0,15.85,0.9924,0,1,40.9112
17,400,8,8,0,0,-1.85,0.9919,0,1,42.0368
18,400,24,24,0,0,13.65,0.9915,0,1,45.6431
19,400,14,14,0,0,4.6,0.991,0,1,45.618
20,400,19,19,0,0,9.45,0.9905,0,1,50.8377
21,400,15,15,0,0,5.4,0.99,0,1,53.4016
22,400,25,25,0,0,15.9,0.9896,0,1,55.6307
23,400,14,14,0,0,4.35,0.9891,0,1,55.387
24,400,10,10,0,0,1.15,0.9886,0,1,56.5791
25,400,16,16,0,0,5.15,0.9881,0,1,60.1897
26,400,18,18,0,0,8.15,0.9877,0,1,61.2552
27,400,20,20,0,0,10.8,0.9872,0,1,64.4459
28,400,20,20,0,0,9.85,0.9867,0,1,66.4354
29,400,26,26,0,0,17.4,0.9862,0,1,68.4592
30,400,23,23,0,0,13.4,0.9858,0,1,71.4539
31,400,23,23,0,0,13.65,0.9853,0,1,74.4033
32,400,20,20,0,0,10.35,0.9848,0,1,75.408
33,400,20,20,0,0,11.0,0.9843,0,1,77.3662
34,400,17,17,0,0,7.65,0.9839,0,1,77.2702
35,400,26,26,0,0,16.45,0.9834,0,1,81.9216
36,400,25,25,0,0,15.75,0.9829,0,1,81.1585
37,400,21,21,0,0,11.1,0.9824,0,1,80.5974
38,400,26,26,0,0,15.9,0.9819,0,1,81.384
39,400,23,23,0,0,13.35,0.9815,0,1,86.9889
40,400,19,19,0,0,9.15,0.981,0,1,88.688
41,400,20,20,0,0,10.4,0.9805,0,1,91.4749
42,400,23,23,0,0,13.65,0.98,0,1,90.0545
43,400,17,18,0,0,8.65,0.9796,0,1,92.1445
44,400,25,25,0,0,15.55,0.9791,0,1,88.6625
45,400,25,25,0,0,15.9,0.9786,0,1,88.6329
46,400,14,14,0,0,3.65,0.9781,0,1,91.9262
47,400,19,19,0,0,9.1,0.9777,0,1,89.5925
48,400,27,27,0,0,17.6,0.9772,0,1,89.9682
49,400,18,18,0,0,7.7,0.9767,0,1,88.3184
50,400,20,20,0,0,11.0,0.9762,0,1,86.8246
51,400,18,18,0,0,8.1,0.9758,0,1,86.5366
52,400,23,23,0,0,13.2,0.9753,0,1,88.8008
53,400,23,23,0,0,13.65,0.9748,0,1,90.4334
54,400,16,16,0,0,6.15,0.9744,0,1,87.7456
55,400,28,28,0,0,17.4,0.9739,0,1,92.7216
56,400,12,12,0,0,2.25,0.9734,0,1,93.4925
57,400,11,11,0,0,2.0,0.9729,0,1,96.2766
58,400,11,11,0,0,1.2,0.9725,0,1,96.4859
59,400,18,18,0,0,8.6,0.972,0,1,94.8118
60,400,18,18,0,0,8.8,0.9715,0,1,93.1259
61,400,16,16,0,0,5.7,0.971,0,1,91.6684
62,400,16,16,0,0,6.6,0.9706,0,1,91.3307
63,400,30,30,0,0,20.0,0.9701,0,1,90.6255
64,400,19,19,0,0,10.05,0.9696,0,1,88.863
65,400,33,33,0,0,23.8,0.9691,0,1,86.5687
66,400,27,27,0,0,17.9,0.9687,0,1,86.0164
67,400,25,25,0,0,15.75,0.9682,0,1,83.6297
68,400,16,16,0,0,5.9,0.9677,0,1,84.5708
69,400,30,30,0,0,20.3,0.9672,0,1,83.8537
70,400,27,27,0,0,17.55,0.9667,0,1,83.0738
71,400,24,24,0,0,14.9,0.9663,0,1,87.3011
72,400,11,11,0,0,1.75,0.9658,0,1,90.7103
73,400,20,20,0,0,10.7,0.9653,0,1,93.2392
74,400,23,23,0,0,13.45,0.9648,0,1,103.4311
75,400,27,27,0,0,17.45,0.9644,0,1,104.3005
76,400,23,23,0,0,13.95,0.9639,0,1,106.3144
77,400,16,16,0,0,6.55,0.9634,0,1,110.816
78,400,21,21,0,0,11.9,0.9629,0,1,118.2663
79,400,19,19,0,0,9.55,0.9625,0,1,121.4781
80,400,30,30,0,0,20.15,0.962,0,1,121.047
81,400,25,25,0,0,15.6,0.9615,0,1,127.0843
82,400,18,18,0,0,8.95,0.961,0,1,128.0062
83,400,19,19,0,0,9.7,0.9606,0,1,129.5545
84,400,19,19,0,0,8.5,0.9601,0,1,127.2472
85,400,18,18,0,0,8.35,0.9596,0,1,125.4226
86,400,20,20,0,0,10.55,0.9591,0,1,125.5808
87,400,22,22,0,0,12.7,0.9587,0,1,125.0147
88,400,17,17,0,0,7.55,0.9582,0,1,123.082
89,400,14,14,0,0,3.5,0.9577,0,1,121.5454
90,400,20,20,0,0,10.15,0.9573,0,1,126.9424
91,400,29,29,0,0,19.75,0.9568,0,1,129.7291
92,400,30,30,0,0,20.65,0.9563,0,1,131.4789
93,400,38,38,0,0,28.05,0.9558,0,1,132.7279
94,400,16,16,0,0,6.0,0.9554,0,1,140.0866
95,400,19,19,0,0,9.25,0.9549,0,1,138.3038
96,400,23,23,0,0,13.8,0.9544,0,1,138.1983
97,400,28,28,0,0,18.45,0.9539,0,1,135.1006
98,400,26,26,0,0,16.8,0.9535,0,1,130.2607
99,400,24,24,0,0,14.55,0.953,0,1,128.2179
100,400,25,26,0,0,16.55,0.9525,0,1,127.0585
101,400,23,23,0,0,14.05,0.952,0,1,121.994
102,400,27,27,0,0,17.7,0.9516,0,1,120.4604
103,400,22,22,0,0,12.35,0.9511,0,1,116.5137
104,400,15,15,0,0,6.0,0.9506,0,1,125.6725
105,400,24,24,0,0,14.05,0.9501,0,1,127.6864
106,400,24,24,0,0,14.1,0.9496,0,1,128.2166
107,400,24,24,0,0,14.4,0.9492,0,1,130.7865
108,400,25,25,0,0,15.4,0.9487,0,1,139.498
109,400,21,21,0,0,11.5,0.9482,0,1,160.4716
110,400,15,15,0,0,5.2,0.9477,0,1,158.0966
111,400,21,21,0,0,11.45,0.9473,0,1,156.9511
112,400,24,24,0,0,14.6,0.9468,0,1,155.1584
113,400,28,28,0,0,18.85,0.9463,0,1,152.3878
114,400,21,21,0,0,11.1,0.9458,0,1,148.4737
115,400,23,23,0,0,13.75,0.9454,0,1,146.4
116,400,21,21,0,0,11.25,0.9449,0,1,143.1132
117,400,23,23,0,0,12.3,0.9444,0,1,152.7904
118,400,18,18,0,0,9.3,0.9439,0,1,148.9115
119,400,30,30,0,0,20.7,0.9435,0,1,147.3639
120,400,23,23,0,0,13.65,0.943,0,1,147.1988
121,400,9,9,0,0,-0.45,0.9425,0,1,154.989
122,400,21,21,0,0,11.45,0.9421,0,1,155.1697
123,400,15,15,0,0,4.5,0.9416,0,1,170.2239
124,400,23,23,0,0,13.65,0.9411,0,1,173.225
125,400,24,24,0,0,14.55,0.9406,0,1,170.9701
126,400,19,19,0,0,9.4,0.9402,0,1,179.2626
127,400,6,7,0,0,-2.4,0.9397,0,1,179.339
128,400,19,19,0,0,8.95,0.9392,0,1,174.5105
129,400,13,13,0,0,2.7,0.9387,0,1,172.8928
130,400,25,25,0,0,14.7,0.9383,0,1,179.2825
131,400,13,13,0,0,3.4,0.9378,0,1,180.8892
132,400,17,18,0,0,7.8,0.9373,0,1,183.7646
133,400,14,14,0,0,3.9,0.9368,0,1,180.1944
134,400,11,11,0,0,0.9,0.9364,0,1,174.6762
135,400,24,24,0,0,15.05,0.9359,0,1,171.7536
136,400,33,33,0,0,22.55,0.9354,0,1,173.5227
137,400,21,21,0,0,11.65,0.9349,0,1,173.4183
138,400,19,19,0,0,9.6,0.9345,0,1,168.8263
139,400,27,27,0,0,18.2,0.934,0,1,161.3569
140,400,19,19,0,0,9.55,0.9335,0,1,157.0135
141,400,24,24,0,0,14.2,0.933,0,1,152.1643
142,400,22,22,0,0,12.15,0.9325,0,1,156.4843
143,400,33,33,0,0,23.6,0.9321,0,1,151.1429
144,400,35,35,0,0,25.65,0.9316,0,1,146.4327
145,400,17,17,0,0,7.7,0.9311,0,1,148.4588
146,400,27,27,0,0,17.0,0.9306,0,1,144.5108
147,400,12,12,0,0,2.55,0.9302,0,1,153.3102
148,400,13,13,0,0,3.65,0.9297,0,1,160.2017
149,400,27,27,0,0,16.65,0.9292,0,1,157.6634
150,400,26,26,0,0,17.35,0.9287,0,1,159.2851
151,400,32,32,0,0,22.8,0.9283,0,1,168.2283
152,400,21,21,0,0,11.05,0.9278,0,1,163.7203
153,400,12,12,0,0,2.2,0.9273,0,1,172.9265
154,400,23,23,0,0,13.35,0.9268,0,1,170.1115
155,400,11,11,0,0,1.4,0.9264,0,1,174.1033
156,400,18,18,0,0,7.7,0.9259,0,1,184.2999
157,400,22,22,0,0,12.15,0.9254,0,1,186.5685
158,400,14,14,0,0,5.15,0.925,0,1,191.0417
159,400,11,11,0,0,1.7,0.9245,0,1,208.938
160,400,23,23,0,0,13.6,0.924,0,1,205.6475
161,400,25,25,0,0,15.95,0.9235,0,1,211.3088
162,400,18,18,0,0,7.95,0.9231,0,1,214.1816
163,400,21,21,0,0,11.75,0.9226,0,1,214.0235
164,400,23,23,0,0,13.45,0.9221,0,1,213.6401
165,400,24,24,0,0,14.75,0.9216,0,1,211.0076
166,400,24,25,0,0,15.7,0.9212,0,1,212.6062
167,400,25,25,0,0,14.95,0.9207,0,1,204.4592
168,400,19,19,0,0,9.75,0.9202,0,1,205.3501
169,400,22,22,0,0,12.75,0.9197,0,1,210.8793
170,400,17,17,0,0,7.6,0.9193,0,1,209.7684
171,400,16,16,0,0,5.8,0.9188,0,1,207.863
172,400,17,17,0,0,7.1,0.9183,0,1,203.499
173,400,20,20,0,0,10.55,0.9178,0,1,196.3017
174,400,23,23,0,0,13.35,0.9173,0,1,195.4893
175,400,16,16,0,0,6.5,0.9169,0,1,191.53
176,400,24,24,0,0,14.4,0.9164,0,1,194.6943
177,400,14,14,0,0,5.05,0.9159,0,1,196.9998
178,400,33,33,0,0,24.25,0.9154,0,1,192.396
179,400,21,21,0,0,11.15,0.915,0,1,189.6185
180,400,26,26,0,0,17.35,0.9145,0,1,194.4451
181,400,23,23,0,0,13.8,0.914,0,1,199.5436
182,400,16,16,0,0,6.25,0.9135,0,1,199.7017
183,400,19,19,0,0,9.15,0.9131,0,1,197.5846
184,400,23,23,0,0,14.35,0.9126,0,1,190.9538
185,400,15,15,0,0,5.4,0.9121,0,1,194.4034
186,400,13,13,0,0,3.95,0.9116,0,1,193.9649
187,400,22,22,0,0,11.25,0.9112,0,1,200.5932
188,400,16,16,0,0,5.9,0.9107,0,1,213.8519
189,400,20,20,0,0,10.75,0.9102,0,1,224.7562
190,400,16,16,0,0,6.05,0.9098,0,1,255.7253
191,400,17,17,0,0,7.4,0.9093,0,1,268.2449
192,400,21,21,0,0,11.75,0.9088,0,1,262.8421
193,400,26,26,0,0,16.8,0.9083,0,1,263.8463
194,400,19,19,0,0,9.75,0.9079,0,1,267.5269
195,400,15,15,0,0,5.25,0.9074,0,1,274.3619
196,400,16,16,0,0,6.55,0.9069,0,1,280.9126
197,400,17,17,0,0,7.75,0.9064,0,1,278.6424
198,400,26,26,0,0,16.7,0.906,0,1,278.2611
199,400,15,15,0,0,5.75,0.9055,0,1,275.3268
200,400,25,25,0,0,15.35,0.905,0,1,273.344
201,400,7,7,0,0,-2.25,0.9045,0,1,275.5611
202,400,25,25,0,0,15.8,0.9041,0,1,269.0103
203,400,17,17,0,0,7.95,0.9036,0,1,266.6459
204,400,14,14,0,0,3.65,0.9031,0,1,261.5436
205,400,18,18,0,0,8.4,0.9026,0,1,256.2121
206,400,22,22,0,0,12.2,0.9022,0,1,248.5441
207,400,24,24,0,0,14.5,0.9017,0,1,261.3847
208,400,16,16,0,0,5.65,0.9012,0,1,259.522
209,400,20,20,0,0,10.65,0.9007,0,1,255.5026
210,400,20,20,0,0,11.2,0.9002,0,1,258.0899
211,400,28,28,0,0,17.35,0.8998,0,1,252.2078
212,400,21,21,0,0,10.7,0.8993,0,1,249.4632
213,400,26,27,0,0,16.9,0.8988,0,1,251.1253
214,400,21,21,0,0,11.8,0.8983,0,1,245.7768
215,400,23,23,0,0,13.3,0.8979,0,1,237.7108
216,400,24,24,0,0,14.75,0.8974,0,1,235.9234
217,400,16,16,0,0,6.2,0.8969,0,1,232.3828
218,400,24,24,0,0,14.25,0.8964,0,1,243.0656
219,400,22,22,0,0,12.9,0.896,0,1,263.1921
220,400,21,21,0,0,11.55,0.8955,0,1,267.3418
221,400,23,23,0,0,13.0,0.895,0,1,270.5172
222,400,23,23,0,0,13.1,0.8945,0,1,266.6279
223,400,19,19,0,0,10.05,0.8941,0,1,261.5309
224,400,18,18,0,0,9.15,0.8936,0,1,262.1831
225,400,25,25,0,0,15.55,0.8931,0,1,265.1213
226,400,25,25,0,0,15.25,0.8926,0,1,274.2298
227,400,19,19,0,0,10.0,0.8922,0,1,272.262
228,400,36,36,0,0,25.85,0.8917,0,1,266.5733
229,400,28,28,0,0,19.15,0.8912,0,1,264.0683
230,400,24,24,0,0,14.45,0.8908,0,1,269.8088
231,400,29,29,0,0,18.9,0.8903,0,1,275.1959
232,400,33,33,0,0,24.25,0.8898,0,1,269.6284
233,400,15,15,0,0,5.5,0.8893,0,1,259.3589
234,400,20,20,0,0,10.7,0.8889,0,1,249.7362
235,400,22,22,0,0,12.35,0.8884,0,1,249.9209
236,400,14,14,0,0,4.0,0.8879,0,1,253.3078
237,400,25,25,0,0,15.4,0.8874,0,1,252.7334
238,400,16,16,0,0,5.75,0.887,0,1,258.8404
239,400,15,15,0,0,5.2,0.8865,0,1,261.3198
240,400,27,27,0,0,17.1,0.886,0,1,255.8798
241,400,20,20,0,0,10.2,0.8855,0,1,256.8189
242,400,26,26,0,0,16.2,0.8851,0,1,248.2149
243,400,23,23,0,0,13.4,0.8846,0,1,245.0564
244,400,19,19,0,0,8.6,0.8841,0,1,242.0016
245,400,20,20,0,0,10.7,0.8836,0,1,235.5921
246,400,31,31,0,0,21.25,0.8831,0,1,229.2396
247,400,15,15,0,0,5.25,0.8827,0,1,252.3632
248,400,22,22,0,0,12.95,0.8822,0,1,255.1766
249,400,34,34,0,0,24.4,0.8817,0,1,255.479
250,400,29,29,0,0,19.35,0.8812,0,1,251.873
251,400,18,18,0,0,8.6,0.8808,0,1,252.3002
252,400,30,30,0,0,21.15,0.8803,0,1,246.8445
253,400,18,18,0,0,7.9,0.8798,0,1,260.9107
254,400,24,24,0,0,13.65,0.8793,0,1,266.6955
255,400,30,30,0,0,20.9,0.8789,0,1,259.85
256,400,18,18,0,0,8.05,0.8784,0,1,254.9486
257,400,28,29,0,0,20.05,0.8779,0,1,256.8959
258,400,33,33,0,0,23.95,0.8775,0,1,255.3029
259,400,18,18,0,0,8.55,0.877,0,1,252.9069
260,400,17,17,0,0,6.9,0.8765,0,1,244.9624
261,400,21,21,0,0,11.85,0.876,0,1,249.4384
262,400,27,27,0,0,17.85,0.8756,0,1,243.3282
263,400,23,23,0,0,13.9,0.8751,0,1,243.5866
264,400,19,19,0,0,9.65,0.8746,0,1,236.5233
265,400,35,36,0,0,27.05,0.8741,0,1,240.6105
266,400,26,26,0,0,16.05,0.8737,0,1,239.5423
267,400,29,29,0,0,19.65,0.8732,0,1,254.9346
268,400,13,13,0,0,3.7,0.8727,0,1,272.112
269,400,17,17,0,0,7.0,0.8722,0,1,271.9115
270,400,21,21,0,0,11.6,0.8718,0,1,268.9484
271,400,24,24,0,0,13.95,0.8713,0,1,267.1102
272,400,22,23,0,0,13.45,0.8708,0,1,268.0939
273,400,15,15,0,0,5.45,0.8703,0,1,265.7996
274,400,19,19,0,0,8.55,0.8699,0,1,280.8466
275,400,21,21,0,0,10.9,0.8694,0,1,275.6191
276,400,34,34,0,0,24.35,0.8689,0,1,266.5759
277,400,30,30,0,0,21.3,0.8684,0,1,258.8214
278,400,31,31,0,0,22.65,0.8679,0,1,249.5894
279,400,21,22,0,0,12.85,0.8675,0,1,246.3819
280,400,35,35,0,0,25.75,0.867,0,1,235.6395
281,400,26,26,0,0,15.95,0.8665,0,1,229.6605
282,400,34,34,0,0,24.45,0.866,0,1,223.7566
283,400,20,20,0,0,10.4,0.8656,0,1,229.8513
284,400,25,25,0,0,15.75,0.8651,0,1,232.8628
285,400,20,20,0,0,9.9,0.8646,0,1,238.1112
286,400,18,18,0,0,7.95,0.8641,0,1,243.1435
287,400,27,27,0,0,17.05,0.8637,0,1,253.2233
288,400,27,27,0,0,17.3,0.8632,0,1,252.5497
289,400,24,24,0,0,14.55,0.8627,0,1,251.2561
290,400,24,24,0,0,14.4,0.8622,0,1,261.304
291,400,22,22,0,0,12.55,0.8618,0,1,254.0307
292,400,27,27,0,0,17.6,0.8613,0,1,254.6921
293,400,28,28,0,0,18.3,0.8608,0,1,247.987
294,400,16,16,0,0,5.7,0.8603,0,1,246.1823
295,400,30,30,0,0,20.65,0.8599,0,1,250.5089
296,400,28,28,0,0,17.8,0.8594,0,1,246.9356
297,400,19,19,0,0,9.8,0.8589,0,1,242.4103
298,400,32,32,0,0,22.8,0.8585,0,1,237.2747
299,400,32,32,0,0,22.55,0.858,0,1,234.898
300,400,30,30,0,0,19.8,0.8575,0,1,229.5088
301,400,27,27,0,0,17.75,0.857,0,1,221.5515
302,400,29,29,0,0,18.85,0.8566,0,1,234.5509
303,400,29,29,0,0,19.05,0.8561,0,1,254.8941
304,400,28,28,0,0,18.55,0.8556,0,1,254.8026
305,400,20,20,0,0,9.9,0.8551,0,1,263.8642
306,400,19,19,0,0,9.75,0.8547,0,1,265.3293
307,400,21,21,0,0,11.7,0.8542,0,1,290.2378
308,400,28,28,0,0,18.7,0.8537,0,1,282.1417
309,400,21,21,0,0,11.25,0.8532,0,1,272.8513
310,400,31,31,0,0,21.65,0.8528,0,1,272.8632
311,400,24,24,0,0,14.65,0.8523,0,1,280.2968
312,400,27,27,0,0,16.85,0.8518,0,1,277.1925
313,400,23,23,0,0,13.3,0.8513,0,1,282.7464
314,400,25,25,0,0,14.35,0.8508,0,1,281.7562
315,400,18,18,0,0,7.75,0.8504,0,1,272.6756
316,400,28,28,0,0,18.6,0.8499,0,1,267.265
317,400,20,20,0,0,10.7,0.8494,0,1,263.7696
318,400,23,23,0,0,13.15,0.8489,0,1,275.1865
319,400,19,19,0,0,9.0,0.8485,0,1,270.0351
320,400,29,29,0,0,19.25,0.848,0,1,268.8839
321,400,27,27,0,0,17.6,0.8475,0,1,266.3101
322,400,19,19,0,0,9.25,0.847,0,1,273.9988
323,400,26,26,0,0,16.15,0.8466,0,1,272.7958
324,400,36,36,0,0,27.25,0.8461,0,1,277.0763
325,400,27,27,0,0,17.9,0.8456,0,1,268.2867
326,400,22,22,0,0,12.95,0.8452,0,1,271.5058
327,400,27,27,0,0,17.05,0.8447,0,1,272.1523
328,400,27,27,0,0,17.0,0.8442,0,1,275.8558
329,400,25,25,0,0,13.65,0.8437,0,1,286.2631
330,400,27,27,0,0,17.5,0.8433,0,1,290.0122
331,400,30,30,0,0,20.0,0.8428,0,1,290.0476
332,400,33,33,0,0,23.05,0.8423,0,1,294.4207
333,400,27,27,0,0,17.65,0.8418,0,1,308.8364
334,400,23,23,0,0,13.6,0.8414,0,1,313.1115
335,400,26,26,0,0,16.6,0.8409,0,1,306.4996
336,400,35,35,0,0,26.35,0.8404,0,1,296.5115
337,400,31,31,0,0,21.75,0.8399,0,1,284.7274
338,400,32,32,0,0,22.15,0.8395,0,1,283.9861
339,400,26,26,0,0,16.7,0.839,0,1,287.0079
340,400,25,25,0,0,14.45,0.8385,0,1,282.0452
341,400,32,32,0,0,22.65,0.838,0,1,269.666
342,400,28,28,0,0,18.5,0.8376,0,1,270.3918
343,400,32,32,0,0,22.0,0.8371,0,1,269.7452
344,400,30,30,0,0,20.6,0.8366,0,1,261.3599
345,400,32,32,0,0,22.0,0.8361,0,1,254.6731
346,400,23,23,0,0,13.45,0.8357,0,1,251.3605
347,400,30,30,0,0,20.95,0.8352,0,1,253.8268
348,400,23,23,0,0,13.15,0.8347,0,1,260.9737
349,400,18,18,0,0,8.4,0.8342,0,1,294.9155
350,400,34,34,0,0,24.7,0.8337,0,1,292.7927
351,400,15,15,0,0,4.9,0.8333,0,1,310.1578
352,400,17,17,0,0,7.8,0.8328,0,1,311.0218
353,400,30,30,0,0,20.4,0.8323,0,1,308.2971
354,400,25,25,0,0,15.25,0.8318,0,1,299.2212
355,400,21,21,0,0,11.75,0.8314,0,1,319.4771
356,400,17,17,0,0,7.4,0.8309,0,1,340.2418
357,400,41,41,0,0,31.95,0.8304,0,1,334.1189
358,400,17,17,0,0,6.9,0.8299,0,1,318.8686
359,400,23,23,0,0,13.55,0.8295,0,1,310.5745
360,400,31,31,0,0,21.3,0.829,0,1,299.4473
361,400,25,25,0,0,15.45,0.8285,0,1,290.1223
362,400,21,21,0,0,11.35,0.828,0,1,277.0124
363,400,16,16,0,0,6.5,0.8276,0,1,273.5757
364,400,22,22,0,0,12.95,0.8271,0,1,272.7129
365,400,24,24,0,0,14.45,0.8266,0,1,267.0073
366,400,28,28,0,0,19.3,0.8262,0,1,264.2529
367,400,25,26,0,0,16.75,0.8257,0,1,259.1465
368,400,29,29,0,0,20.2,0.8252,0,1,251.5353
369,400,32,32,0,0,22.3,0.8247,0,1,252.0344
370,400,28,28,0,0,18.95,0.8243,0,1,247.9641
371,400,22,22,0,0,13.0,0.8238,0,1,255.8588
372,400,35,35,0,0,25.3,0.8233,0,1,256.1794
373,400,32,32,0,0,22.5,0.8228,0,1,255.0137
374,400,19,19,0,0,9.6,0.8224,0,1,258.066
375,400,30,30,0,0,20.25,0.8219,0,1,255.0385
376,400,29,30,0,0,19.75,0.8214,0,1,261.0288
377,400,24,24,0,0,14.4,0.8209,0,1,257.2622
378,400,17,17,0,0,7.5,0.8205,0,1,252.3016
379,400,28,28,0,0,19.4,0.82,0,1,244.9664
380,400,28,28,0,0,18.05,0.8195,0,1,251.4758
381,400,21,21,0,0,11.1,0.819,0,1,258.2539
382,400,26,26,0,0,16.25,0.8185,0,1,263.4035
383,400,26,26,0,0,16.45,0.8181,0,1,266.9157
384,400,8,8,0,0,-2.25,0.8176,0,1,278.5194
385,400,14,14,0,0,3.8,0.8171,0,1,285.1842
386,400,20,21,0,0,10.65,0.8166,0,1,290.9902
387,400,23,23,0,0,13.05,0.8162,0,1,298.4744
388,400,39,39,0,0,29.5,0.8157,0,1,299.2407
389,400,26,26,0,0,16.95,0.8152,0,1,292.8538
390,400,16,16,0,0,7.0,0.8147,0,1,289.1487
391,400,31,31,0,0,21.85,0.8143,0,1,285.5661
392,400,29,29,0,0,19.7,0.8138,0,1,287.7967
393,400,18,18,0,0,8.9,0.8133,0,1,277.8431
394,400,27,27,0,0,17.6,0.8128,0,1,271.1963
395,400,26,26,0,0,15.9,0.8124,0,1,263.3824
396,400,26,26,0,0,16.15,0.8119,0,1,257.1661
397,400,22,22,0,0,12.8,0.8114,0,1,261.3898
398,400,31,31,0,0,21.4,0.811,0,1,255.0747
399,400,38,38,0,0,28.45,0.8105,0,1,249.5948
400,400,27,27,0,0,18.3,0.81,0,1,252.1176
401,400,36,36,0,0,27.3,0.8095,0,1,249.5132
402,400,29,29,0,0,19.25,0.8091,0,1,244.6955
403,400,27,27,0,0,16.6,0.8086,0,1,251.878
404,400,24,24,0,0,15.25,0.8081,0,1,251.4131
405,400,26,26,0,0,16.7,0.8076,0,1,249.0141
406,400,33,33,0,0,23.8,0.8072,0,1,248.0348
407,400,38,38,0,0,27.65,0.8067,0,1,255.1101
408,400,26,26,0,0,16.4,0.8062,0,1,253.8553
409,400,25,26,0,0,16.45,0.8057,0,1,248.6855
410,400,12,12,0,0,1.85,0.8053,0,1,251.9217
411,400,23,23,0,0,13.05,0.8048,0,1,264.6666
412,400,19,19,0,0,9.35,0.8043,0,1,273.2697
413,400,22,22,0,0,12.4,0.8038,0,1,273.6688
414,400,27,27,0,0,17.5,0.8034,0,1,277.6855
415,400,34,35,0,0,26.15,0.8029,0,1,269.377
416,400,32,32,0,0,22.7,0.8024,0,1,265.6528
417,400,24,24,0,0,13.6,0.8019,0,1,271.1848
418,400,33,33,0,0,23.6,0.8014,0,1,261.8772
419,400,26,27,0,0,18.1,0.801,0,1,255.7996
420,400,31,31,0,0,21.7,0.8005,0,1,247.5375
421,400,35,35,0,0,25.05,0.8,0,1,245.0437
422,400,40,40,0,0,30.55,0.7995,0,1,238.3991
423,400,30,31,0,0,21.35,0.7991,0,1,234.9927
424,400,31,31,0,0,22.0,0.7986,0,1,227.355
425,400,22,22,0,0,12.55,0.7981,0,1,223.6043
426,400,29,29,0,0,19.2,0.7976,0,1,228.8565
427,400,34,34,0,0,24.75,0.7972,0,1,221.9823
428,400,24,25,0,0,14.75,0.7967,0,1,226.0458
429,400,27,27,0,0,16.85,0.7962,0,1,236.1084
430,400,31,31,0,0,21.9,0.7957,0,1,234.695
431,400,33,33,0,0,23.3,0.7953,0,1,241.0719
432,400,20,20,0,0,10.1,0.7948,0,1,242.2067
433,400,23,23,0,0,14.15,0.7943,0,1,239.5517
434,400,21,21,0,0,11.55,0.7938,0,1,253.6529
435,400,27,27,0,0,17.7,0.7934,0,1,255.8242
436,400,37,38,0,0,29.05,0.7929,0,1,250.0143
437,400,22,22,0,0,12.65,0.7924,0,1,240.7063
438,400,19,19,0,0,9.2,0.792,0,1,240.3986
439,400,17,17,0,0,6.65,0.7915,0,1,252.5406
440,400,25,25,0,0,15.9,0.791,0,1,249.2257
441,400,15,15,0,0,4.45,0.7905,0,1,257.3877
442,400,19,20,0,0,10.15,0.7901,0,1,265.959
443,400,30,30,0,0,20.85,0.7896,0,1,263.8618
444,400,18,18,0,0,8.5,0.7891,0,1,273.1279
445,400,35,35,0,0,25.9,0.7886,0,1,270.6068
446,400,21,21,0,0,11.2,0.7882,0,1,269.1754
447,400,26,26,0,0,16.85,0.7877,0,1,263.854
448,400,33,33,0,0,23.95,0.7872,0,1,265.2481
449,400,31,31,0,0,21.05,0.7867,0,1,265.2928
450,400,26,26,0,0,16.3,0.7863,0,1,266.6853
451,400,31,31,0,0,21.45,0.7858,0,1,262.1234
452,400,23,23,0,0,13.6,0.7853,0,1,251.983
453,400,27,27,0,0,18.0,0.7848,0,1,245.0045
454,400,33,33,0,0,24.65,0.7843,0,1,240.5126
455,400,31,31,0,0,20.65,0.7839,0,1,251.4846
456,400,31,31,0,0,21.3,0.7834,0,1,254.1243
457,400,27,27,0,0,17.0,0.7829,0,1,255.6021
458,400,23,23,0,0,13.6,0.7824,0,1,261.9397
459,400,28,28,0,0,18.25,0.782,0,1,256.2269
460,400,35,35,0,0,25.1,0.7815,0,1,252.7698
461,400,23,23,0,0,13.5,0.781,0,1,248.3946
462,400,22,22,0,0,13.3,0.7805,0,1,244.3193
463,400,38,38,0,0,29.15,0.7801,0,1,235.3812
464,400,36,36,0,0,27.1,0.7796,0,1,235.8014
465,400,35,35,0,0,25.7,0.7791,0,1,232.7518
466,400,26,26,0,0,15.35,0.7787,0,1,247.8372
467,400,36,36,0,0,26.95,0.7782,0,1,244.4201
468,400,26,26,0,0,16.0,0.7777,0,1,247.7904
469,400,25,25,0,0,16.3,0.7772,0,1,249.4989
470,400,20,20,0,0,10.8,0.7768,0,1,249.9746
471,400,38,38,0,0,29.25,0.7763,0,1,245.435
472,400,26,26,0,0,16.55,0.7758,0,1,249.2908
473,400,37,37,0,0,27.55,0.7753,0,1,247.8489
474,400,14,14,0,0,3.45,0.7749,0,1,253.6588
475,400,19,19,0,0,9.3,0.7744,0,1,255.3269
476,400,23,23,0,0,12.6,0.7739,0,1,252.9803
477,400,29,29,0,0,19.65,0.7734,0,1,248.3752
478,400,35,35,0,0,26.05,0.773,0,1,241.1154
479,400,27,27,0,0,17.7,0.7725,0,1,232.4894
480,400,33,33,0,0,23.35,0.772,0,1,232.4069
481,400,37,38,0,0,28.65,0.7715,0,1,231.2661
482,400,30,31,0,0,21.95,0.7711,0,1,238.6591
483,400,18,18,0,0,7.35,0.7706,0,1,239.9064
484,400,33,33,0,0,23.1,0.7701,0,1,244.0057
485,400,19,19,0,0,9.15,0.7696,0,1,249.8783
486,400,34,34,0,0,25.35,0.7692,0,1,248.1046
487,400,38,39,0,0,29.95,0.7687,0,1,253.9075
488,400,32,32,0,0,22.4,0.7682,0,1,251.5834
489,400,19,19,0,0,9.3,0.7677,0,1,252.0007
490,400,38,38,0,0,28.45,0.7672,0,1,244.7581
491,400,29,29,0,0,19.35,0.7668,0,1,249.3279
492,400,31,31,0,0,22.15,0.7663,0,1,243.315
493,400,22,22,0,0,12.2,0.7658,0,1,247.3726
494,400,34,34,0,0,24.25,0.7653,0,1,250.7913
495,400,31,32,0,0,22.6,0.7649,0,1,250.0578
496,400,17,17,0,0,6.65,0.7644,0,1,246.3265
497,400,30,30,0,0,20.75,0.7639,0,1,244.6606
498,400,25,25,0,0,14.1,0.7634,0,1,250.2014
499,400,34,34,0,0,25.05,0.763,0,1,249.9053
500,400,40,40,0,0,31.3,0.7625,0,1,245.7466
501,400,15,15,0,0,4.65,0.762,0,1,251.092
502,400,36,36,0,0,25.8,0.7615,0,1,250.0656
503,400,33,33,0,0,23.4,0.7611,0,1,257.7322
504,400,34,34,0,0,24.05,0.7606,0,1,260.8651
505,400,17,17,0,0,7.9,0.7601,0,1,268.4509
506,400,34,34,0,0,23.25,0.7597,0,1,270.696
507,400,9,9,0,0,-1.1,0.7592,0,1,275.6019
508,400,34,34,0,0,25.0,0.7587,0,1,269.8701
509,400,36,36,0,0,27.45,0.7582,0,1,264.4604
510,400,39,39,0,0,28.85,0.7578,0,1,264.0798
511,400,24,24,0,0,14.9,0.7573,0,1,266.7542
512,400,25,25,0,0,13.3,0.7568,0,1,278.7031
513,400,35,35,0,0,25.45,0.7563,0,1,267.8944
514,400,31,31,0,0,21.85,0.7559,0,1,262.8089
515,400,28,28,0,0,18.35,0.7554,0,1,263.7367
516,400,24,24,0,0,14.9,0.7549,0,1,263.4255
517,400,23,23,0,0,13.8,0.7544,0,1,261.4593
518,400,22,22,0,0,12.25,0.754,0,1,258.0958
519,400,31,31,0,0,21.05,0.7535,0,1,254.2984
520,400,32,32,0,0,22.0,0.753,0,1,259.7617
521,400,36,36,0,0,26.8,0.7525,0,1,253.18
522,400,26,26,0,0,16.25,0.752,0,1,245.0458
523,400,21,21,0,0,11.6,0.7516,0,1,251.16
524,400,25,25,0,0,16.2,0.7511,0,1,250.2209
525,400,23,23,0,0,12.9,0.7506,0,1,255.6584
526,400,25,25,0,0,13.85,0.7501,0,1,262.2327
527,400,29,29,0,0,20.0,0.7497,0,1,259.3236
528,400,32,32,0,0,23.35,0.7492,0,1,257.6161
529,400,27,27,0,0,17.35,0.7487,0,1,260.392
530,400,19,19,0,0,9.0,0.7483,0,1,266.4342
531,400,44,44,0,0,33.4,0.7478,0,1,275.115
532,400,30,30,0,0,20.3,0.7473,0,1,273.5742
533,400,30,30,0,0,20.35,0.7468,0,1,275.4564
534,400,27,27,0,0,16.55,0.7464,0,1,284.8142
535,400,26,26,0,0,15.45,0.7459,0,1,295.5741
536,400,27,27,0,0,17.85,0.7454,0,1,301.7955
537,400,31,31,0,0,21.65,0.7449,0,1,305.3322
538,400,24,24,0,0,14.5,0.7445,0,1,317.0976
539,400,25,25,0,0,14.9,0.744,0,1,321.5871
540,400,22,22,0,0,11.55,0.7435,0,1,317.7932
541,400,27,27,0,0,17.95,0.743,0,1,313.0777
542,400,35,35,0,0,25.45,0.7426,0,1,308.4694
543,400,35,35,0,0,24.75,0.7421,0,1,312.404
544,400,32,32,0,0,22.9,0.7416,0,1,303.1803
545,400,23,23,0,0,13.4,0.7411,0,1,320.807
546,400,25,25,0,0,15.6,0.7407,0,1,311.8564
547,400,37,37,0,0,28.35,0.7402,0,1,302.9705
548,400,15,15,0,0,5.65,0.7397,0,1,295.8316
549,400,35,35,0,0,26.05,0.7392,0,1,290.0904
550,400,34,34,0,0,24.4,0.7388,0,1,283.204
551,400,22,22,0,0,11.05,0.7383,0,1,305.9959
552,400,4,4,0,0,-6.35,0.7378,0,1,319.5343
553,400,23,23,0,0,13.75,0.7373,0,1,320.7029
554,400,35,35,0,0,25.8,0.7369,0,1,314.9877
555,400,28,28,0,0,18.75,0.7364,0,1,305.1926
556,400,31,31,0,0,22.0,0.7359,0,1,295.264
557,400,33,33,0,0,23.05,0.7354,0,1,293.7908
558,400,23,23,0,0,12.95,0.7349,0,1,284.9521
559,400,29,29,0,0,18.6,0.7345,0,1,288.3927
560,400,36,36,0,0,27.6,0.734,0,1,289.636
561,400,32,32,0,0,22.65,0.7335,0,1,281.9012
562,400,17,17,0,0,7.6,0.733,0,1,284.3857
563,400,32,32,0,0,23.1,0.7326,0,1,280.7666
564,400,31,31,0,0,21.45,0.7321,0,1,281.761
565,400,25,25,0,0,14.25,0.7316,0,1,289.583
566,400,23,23,0,0,13.45,0.7311,0,1,292.2349
567,400,22,22,0,0,12.3,0.7307,0,1,291.3738
568,400,19,19,0,0,9.2,0.7302,0,1,291.734
569,400,36,36,0,0,26.9,0.7297,0,1,281.2876
570,400,32,33,0,0,24.05,0.7292,0,1,286.4741
571,400,28,28,0,0,19.5,0.7288,0,1,276.5273
572,400,37,37,0,0,27.45,0.7283,0,1,270.3255
573,400,25,25,0,0,15.3,0.7278,0,1,259.3987
574,400,28,28,0,0,19.3,0.7274,0,1,252.3544
575,400,18,18,0,0,7.6,0.7269,0,1,253.7849
576,400,31,31,0,0,21.45,0.7264,0,1,249.5663
577,400,32,32,0,0,22.8,0.7259,0,1,248.6624
578,400,32,32,0,0,22.25,0.7255,0,1,244.7385
579,400,20,20,0,0,10.3,0.725,0,1,250.3512
580,400,30,31,0,0,21.45,0.7245,0,1,249.3899
581,400,31,31,0,0,21.8,0.724,0,1,246.9143
582,400,32,32,0,0,21.75,0.7236,0,1,259.3295
583,400,40,40,0,0,31.3,0.7231,0,1,256.638
584,400,31,31,0,0,20.4,0.7226,0,1,256.9063
585,400,29,29,0,0,18.9,0.7221,0,1,249.4621
586,400,41,41,0,0,31.25,0.7217,0,1,246.6073
587,400,28,28,0,0,18.95,0.7212,0,1,245.2064
588,400,33,33,0,0,23.4,0.7207,0,1,242.6667
589,400,21,21,0,0,11.45,0.7202,0,1,240.1309
590,400,30,30,0,0,20.6,0.7198,0,1,232.0968
591,400,38,38,0,0,29.15,0.7193,0,1,232.4842
592,400,31,31,0,0,21.85,0.7188,0,1,226.9706
593,400,19,19,0,0,7.55,0.7183,0,1,232.7276
594,400,43,43,0,0,33.8,0.7179,0,1,228.9125
595,400,42,42,0,0,33.65,0.7174,0,1,225.3448
596,400,29,29,0,0,19.5,0.7169,0,1,229.1946
597,400,36,36,0,0,26.25,0.7164,0,1,225.4806
598,400,39,39,0,0,29.25,0.716,0,1,228.3878
599,400,25,25,0,0,16.45,0.7155,0,1,227.9011
600,400,28,28,0,0,19.3,0.715,0,1,226.0717
601,400,30,30,0,0,21.45,0.7145,0,1,225.9084
602,400,27,27,0,0,17.55,0.7141,0,1,224.0142
603,400,36,36,0,0,26.8,0.7136,0,1,226.0754
604,400,40,40,0,0,30.4,0.7131,0,1,221.289
605,400,31,31,0,0,22.15,0.7126,0,1,220.0847
606,400,36,36,0,0,26.5,0.7122,0,1,213.1112
607,400,36,36,0,0,25.3,0.7117,0,1,218.1921
608,400,39,39,0,0,29.15,0.7112,0,1,227.6043
609,400,16,16,0,0,6.2,0.7107,0,1,224.8433
610,400,31,31,0,0,22.55,0.7103,0,1,223.6996
611,400,37,37,0,0,28.3,0.7098,0,1,223.5087
612,400,30,30,0,0,20.25,0.7093,0,1,226.6338
613,400,25,25,0,0,15.35,0.7088,0,1,220.5977
614,400,43,43,0,0,33.8,0.7084,0,1,222.6881
615,400,31,31,0,0,21.6,0.7079,0,1,217.9264
616,400,42,42,0,0,33.45,0.7074,0,1,214.3767
617,400,16,16,0,0,5.75,0.7069,0,1,219.7005
618,400,42,42,0,0,32.45,0.7065,0,1,216.5807
619,400,35,35,0,0,25.95,0.706,0,1,217.9974
620,400,42,42,0,0,32.65,0.7055,0,1,216.341
621,400,34,34,0,0,25.05,0.705,0,1,218.6896
622,400,36,36,0,0,27.05,0.7046,0,1,221.5016
623,400,35,35,0,0,24.3,0.7041,0,1,229.0723
624,400,45,45,0,0,36.25,0.7036,0,1,226.7571
625,400,39,39,0,0,30.2,0.7031,0,1,221.9211
626,400,32,32,0,0,22.35,0.7026,0,1,219.1234
627,400,20,20,0,0,10.4,0.7022,0,1,217.7449
628,400,17,17,0,0,7.7,0.7017,0,1,221.5223
629,400,34,34,0,0,24.5,0.7012,0,1,223.6635
630,400,38,38,0,0,29.1,0.7007,0,1,224.1121
631,400,40,40,0,0,30.5,0.7003,0,1,227.1275
632,400,25,25,0,0,14.85,0.6998,0,1,231.0241
633,400,34,34,0,0,24.7,0.6993,0,1,226.644
634,400,32,32,0,0,21.55,0.6988,0,1,234.8808
635,400,43,43,0,0,33.05,0.6984,0,1,238.1956
636,400,26,26,0,0,16.2,0.6979,0,1,237.8997
637,400,31,31,0,0,20.05,0.6974,0,1,243.4959
638,400,32,33,0,0,23.25,0.6969,0,1,246.2627
639,400,28,28,0,0,17.7,0.6965,0,1,251.0328
640,400,35,35,0,0,25.5,0.696,0,1,247.3812
641,400,39,39,0,0,29.75,0.6955,0,1,243.9433
642,400,42,42,0,0,33.15,0.695,0,1,238.887
643,400,37,37,0,0,27.5,0.6946,0,1,237.8961
644,400,30,30,0,0,20.35,0.6941,0,1,235.9888
645,400,29,29,0,0,19.25,0.6936,0,1,237.1734
646,400,40,40,0,0,31.15,0.6931,0,1,234.1093
647,400,40,40,0,0,30.9,0.6927,0,1,231.395
648,400,27,27,0,0,17.5,0.6922,0,1,225.2155
649,400,35,35,0,0,24.7,0.6917,0,1,231.2613
650,400,41,42,0,0,33.1,0.6913,0,1,226.3477
651,400,39,39,0,0,29.1,0.6908,0,1,219.9929
652,400,31,31,0,0,20.6,0.6903,0,1,218.5605
653,400,32,32,0,0,21.8,0.6898,0,1,218.2784
654,400,31,31,0,0,21.2,0.6894,0,1,217.2787
655,400,31,31,0,0,21.75,0.6889,0,1,212.907
656,400,42,42,0,0,33.2,0.6884,0,1,209.7853
657,400,39,39,0,0,28.3,0.6879,0,1,214.2974
658,400,41,42,0,0,32.85,0.6875,0,1,213.7103
659,400,32,32,0,0,21.85,0.687,0,1,209.4405
660,400,27,27,0,0,18.15,0.6865,0,1,209.5094
661,400,28,28,0,0,18.35,0.686,0,1,209.0193
662,400,37,37,0,0,28.4,0.6855,0,1,205.5124
663,400,28,29,0,0,19.35,0.6851,0,1,201.3241
664,400,32,32,0,0,22.8,0.6846,0,1,198.803
665,400,41,41,0,0,32.05,0.6841,0,1,197.0204
666,400,42,42,0,0,33.65,0.6836,0,1,196.4735
667,400,37,37,0,0,27.55,0.6832,0,1,198.7561
668,400,37,37,0,0,28.1,0.6827,0,1,198.4772
669,400,45,46,0,0,37.45,0.6822,0,1,196.3826
670,400,29,29,0,0,19.05,0.6818,0,1,191.2713
671,400,35,35,0,0,25.4,0.6813,0,1,194.6093
672,400,38,38,0,0,28.95,0.6808,0,1,190.9364
673,400,31,31,0,0,21.1,0.6803,0,1,198.8643
674,400,27,27,0,0,17.9,0.6799,0,1,198.3959
675,400,37,37,0,0,27.55,0.6794,0,1,194.6937
676,400,29,29,0,0,18.9,0.6789,0,1,194.3722
677,400,35,35,0,0,25.4,0.6784,0,1,191.2741
678,400,37,37,0,0,27.9,0.678,0,1,188.3885
679,400,33,33,0,0,23.7,0.6775,0,1,187.5376
680,400,35,35,0,0,25.55,0.677,0,1,185.3081
681,400,31,31,0,0,22.3,0.6765,0,1,181.3592
682,400,24,24,0,0,14.4,0.6761,0,1,178.6208
683,400,43,43,0,0,33.95,0.6756,0,1,176.416
684,400,31,31,0,0,20.7,0.6751,0,1,175.4479
685,400,35,35,0,0,25.75,0.6746,0,1,177.4607
686,400,43,43,0,0,34.2,0.6742,0,1,179.1014
687,400,34,34,0,0,24.6,0.6737,0,1,174.1396
688,400,25,25,0,0,14.55,0.6732,0,1,175.5343
689,400,36,36,0,0,26.35,0.6727,0,1,175.6159
690,400,35,35,0,0,25.55,0.6723,0,1,176.2781
691,400,38,38,0,0,28.1,0.6718,0,1,184.2212
692,400,46,46,0,0,37.0,0.6713,0,1,188.1379
693,400,22,22,0,0,11.4,0.6708,0,1,191.5619
694,400,30,30,0,0,20.0,0.6704,0,1,189.6981
695,400,37,37,0,0,27.4,0.6699,0,1,188.6026
696,400,44,44,0,0,33.85,0.6694,0,1,196.2635
697,400,41,41,0,0,32.65,0.6689,0,1,197.0184
698,400,43,43,0,0,33.85,0.6684,0,1,196.6877
699,400,27,27,0,0,17.55,0.668,0,1,192.2773
700,400,40,41,0,0,32.95,0.6675,0,1,189.5984
701,400,41,41,0,0,31.95,0.667,0,1,182.2972
702,400,35,35,0,0,25.95,0.6665,0,1,183.322
703,400,43,43,0,0,34.0,0.6661,0,1,186.9021
704,400,31,32,0,0,22.4,0.6656,0,1,183.6474
705,400,30,30,0,0,20.7,0.6651,0,1,182.5737
706,400,32,32,0,0,22.55,0.6646,0,1,181.5062
707,400,44,44,0,0,35.15,0.6642,0,1,180.9059
708,400,40,40,0,0,31.3,0.6637,0,1,180.4218
709,400,48,48,0,0,39.65,0.6632,0,1,177.1643
710,400,39,39,0,0,30.8,0.6627,0,1,177.829
711,400,37,37,0,0,28.1,0.6623,0,1,176.6947
712,400,36,36,0,0,28.05,0.6618,0,1,176.2303
713,400,30,30,0,0,20.2,0.6613,0,1,183.2011
714,400,35,35,0,0,24.6,0.6609,0,1,182.3945
715,400,38,38,0,0,28.85,0.6604,0,1,185.0811
716,400,34,34,0,0,24.1,0.6599,0,1,189.0099
717,400,37,37,0,0,27.05,0.6594,0,1,188.6646
718,400,43,43,0,0,33.25,0.659,0,1,189.9342
719,400,42,43,0,0,33.35,0.6585,0,1,189.0392
720,400,40,40,0,0,31.0,0.658,0,1,187.4975
721,400,37,37,0,0,28.4,0.6575,0,1,186.4816
722,400,36,36,0,0,26.75,0.6571,0,1,182.4174
723,400,38,38,0,0,28.35,0.6566,0,1,184.3284
724,400,38,38,0,0,28.3,0.6561,0,1,184.9875
725,400,39,39,0,0,30.5,0.6556,0,1,181.3871
726,400,31,31,0,0,21.9,0.6552,0,1,178.2255
727,400,36,36,0,0,26.1,0.6547,0,1,174.9535
728,400,34,34,0,0,23.65,0.6542,0,1,178.0293
729,400,31,31,0,0,21.3,0.6537,0,1,173.2385
730,400,23,23,0,0,12.95,0.6532,0,1,174.8135
731,400,38,38,0,0,28.6,0.6528,0,1,177.9942
732,400,43,43,0,0,34.6,0.6523,0,1,173.2877
733,400,31,31,0,0,21.9,0.6518,0,1,170.2974
734,400,37,37,0,0,27.8,0.6514,0,1,166.7225
735,400,44,45,0,0,34.4,0.6509,0,1,171.1937
736,400,42,42,0,0,32.6,0.6504,0,1,167.4721
737,400,42,42,0,0,32.35,0.6499,0,1,171.2219
738,400,21,21,0,0,10.95,0.6495,0,1,165.561
739,400,36,37,0,0,27.75,0.649,0,1,168.0665
740,400,37,37,0,0,28.45,0.6485,0,1,164.1502
741,400,36,36,0,0,26.8,0.648,0,1,162.2906
742,400,33,33,0,0,24.15,0.6476,0,1,158.7533
743,400,40,41,0,0,32.35,0.6471,0,1,156.5533
744,400,29,29,0,0,20.05,0.6466,0,1,152.5759
745,400,38,38,0,0,29.75,0.6461,0,1,151.6061
746,400,39,39,0,0,30.55,0.6457,0,1,153.1982
747,400,38,38,0,0,29.1,0.6452,0,1,154.0259
748,400,37,37,0,0,28.15,0.6447,0,1,156.8928
749,400,36,36,0,0,26.2,0.6442,0,1,165.0352
750,400,36,36,0,0,26.8,0.6438,0,1,162.8947
751,400,35,35,0,0,25.8,0.6433,0,1,159.4272
752,400,23,23,0,0,14.05,0.6428,0,1,158.657
753,400,37,37,0,0,27.15,0.6423,0,1,159.8217
754,400,30,30,0,0,20.95,0.6419,0,1,156.7078
755,400,41,42,0,0,33.45,0.6414,0,1,163.8921
756,400,41,41,0,0,31.6,0.6409,0,1,164.5738
757,400,40,40,0,0,31.3,0.6404,0,1,160.2783
758,400,41,41,0,0,32.4,0.64,0,1,157.8342
759,400,37,37,0,0,27.9,0.6395,0,1,160.3403
760,400,39,39,0,0,29.75,0.639,0,1,159.2787
761,400,48,48,0,0,40.0,0.6385,0,1,157.3167
762,400,47,47,0,0,39.25,0.6381,0,1,157.6588
763,400,41,41,0,0,31.75,0.6376,0,1,153.5091
764,400,43,43,0,0,34.95,0.6371,0,1,155.4861
765,400,40,40,0,0,30.65,0.6366,0,1,158.1765
766,400,46,46,0,0,37.55,0.6361,0,1,159.7005
767,400,47,47,0,0,37.6,0.6357,0,1,161.4977
768,400,37,38,0,0,29.55,0.6352,0,1,160.5836
769,400,39,39,0,0,30.55,0.6347,0,1,155.2611
770,400,39,39,0,0,30.4,0.6342,0,1,154.3794
771,400,40,40,0,0,31.5,0.6338,0,1,151.6875
772,400,39,39,0,0,30.3,0.6333,0,1,151.8854
773,400,38,38,0,0,29.3,0.6328,0,1,149.7157
774,400,33,33,0,0,24.25,0.6323,0,1,147.9161
775,400,40,40,0,0,31.15,0.6319,0,1,146.8921
776,400,43,43,0,0,34.25,0.6314,0,1,149.1217
777,400,34,34,0,0,25.4,0.6309,0,1,147.2012
778,400,39,39,0,0,29.45,0.6304,0,1,145.2229
779,400,39,39,0,0,30.25,0.63,0,1,142.4856
780,400,40,40,0,0,30.65,0.6295,0,1,145.155
781,400,46,46,0,0,37.0,0.629,0,1,145.6111
782,400,45,45,0,0,36.3,0.6285,0,1,144.5362
783,400,48,48,0,0,39.3,0.6281,0,1,145.1334
784,400,45,45,0,0,36.9,0.6276,0,1,145.974
785,400,34,34,0,0,24.75,0.6271,0,1,149.4311
786,400,31,31,0,0,21.8,0.6266,0,1,147.9379
787,400,41,41,0,0,31.6,0.6262,0,1,146.3673
788,366,49,50,0,0,41.99,0.6257,0,1,147.7925
789,400,41,41,0,0,31.3,0.6252,0,1,149.3278
790,400,47,47,0,0,36.8,0.6248,0,1,153.2971
791,400,44,44,0,0,35.05,0.6243,0,1,153.229
792,400,48,48,0,0,39.0,0.6238,0,1,156.9095
793,400,49,49,0,0,40.05,0.6233,0,1,157.9659
794,400,49,49,0,0,40.35,0.6229,0,1,157.6119
795,400,45,45,0,0,36.05,0.6224,0,1,154.4308
796,400,45,46,0,0,36.8,0.6219,0,1,154.3844
797,400,35,36,0,0,27.6,0.6214,0,1,152.392
798,400,38,38,0,0,29.55,0.621,0,1,148.4553
799,400,46,46,0,0,36.4,0.6205,0,1,149.4958
800,400,42,42,0,0,32.8,0.62,0,1,147.58
801,400,48,48,0,0,39.9,0.6195,0,1,145.7076
802,400,49,49,0,0,40.65,0.619,0,1,145.3603
803,400,39,39,0,0,29.2,0.6186,0,1,147.7695
804,400,42,42,0,0,33.4,0.6181,0,1,146.7062
805,400,43,43,0,0,33.45,0.6176,0,1,145.0962
806,400,41,41,0,0,32.3,0.6171,0,1,145.0366
807,400,34,34,0,0,24.8,0.6167,0,1,144.192
808,400,40,40,0,0,29.15,0.6162,0,1,148.406
809,400,46,46,0,0,36.55,0.6157,0,1,147.8
810,400,40,40,0,0,31.9,0.6153,0,1,150.5439
811,400,40,40,0,0,29.65,0.6148,0,1,154.0656
812,400,45,45,0,0,36.2,0.6143,0,1,159.7219
813,400,43,43,0,0,33.95,0.6138,0,1,158.2339
814,400,29,29,0,0,20.15,0.6134,0,1,153.3584
815,400,46,46,0,0,37.05,0.6129,0,1,152.7647
816,400,45,45,0,0,36.7,0.6124,0,1,150.7139
817,400,43,44,0,0,35.55,0.6119,0,1,147.381
818,400,42,42,0,0,33.15,0.6115,0,1,145.2101
819,400,35,35,0,0,24.35,0.611,0,1,148.3174
820,400,44,44,0,0,35.3,0.6105,0,1,144.6318
821,400,36,37,0,0,28.05,0.61,0,1,141.9436
822,400,32,32,0,0,23.5,0.6096,0,1,137.3713
823,400,40,40,0,0,30.85,0.6091,0,1,136.4243
824,400,42,42,0,0,33.7,0.6086,0,1,137.5909
825,400,42,42,0,0,33.45,0.6081,0,1,136.0213
826,400,32,32,0,0,23.45,0.6077,0,1,134.1646
827,400,46,46,0,0,36.5,0.6072,0,1,134.5153
828,400,47,47,0,0,37.75,0.6067,0,1,132.4549
829,400,34,34,0,0,25.35,0.6062,0,1,133.0296
830,400,37,37,0,0,27.85,0.6058,0,1,134.3117
831,369,49,50,0,0,41.81,0.6053,0,1,133.6843
832,400,33,33,0,0,23.95,0.6048,0,1,134.7647
833,400,39,39,0,0,29.4,0.6043,0,1,134.4794
834,400,43,43,0,0,34.7,0.6038,0,1,134.5802
835,400,36,36,0,0,26.85,0.6034,0,1,133.6457
836,368,49,50,0,0,42.32,0.6029,0,1,134.7509
837,400,37,37,0,0,28.05,0.6024,0,1,134.1056
838,400,41,41,0,0,31.4,0.6019,0,1,134.515
839,400,44,44,0,0,35.4,0.6015,0,1,132.2054
840,400,38,38,0,0,29.2,0.601,0,1,130.7323
841,400,41,41,0,0,32.4,0.6005,0,1,128.8936
842,400,43,43,0,0,33.7,0.6,0,1,126.5578
843,400,42,42,0,0,33.2,0.5996,0,1,125.7065
844,400,46,46,0,0,37.0,0.5991,0,1,124.3101
845,400,46,46,0,0,37.75,0.5986,0,1,123.3977
846,399,49,50,0,0,42.06,0.5981,0,1,125.0103
847,400,48,48,0,0,39.95,0.5977,0,1,124.7601
848,400,43,43,0,0,34.65,0.5972,0,1,127.0058
849,399,49,50,0,0,41.61,0.5967,0,1,129.7743
850,400,46,47,0,0,38.15,0.5962,0,1,127.6102
851,400,41,41,0,0,33.1,0.5958,0,1,126.6015
852,400,41,41,0,0,32.15,0.5953,0,1,124.4602
853,387,49,50,0,0,41.98,0.5948,0,1,123.5946
854,400,46,46,0,0,37.2,0.5944,0,1,120.7125
855,400,39,40,0,0,31.25,0.5939,0,1,121.239
856,400,23,23,0,0,13.25,0.5934,0,1,120.9899
857,400,41,41,0,0,33.1,0.5929,0,1,122.6932
858,400,41,41,0,0,32.2,0.5925,0,1,120.1855
859,400,43,43,0,0,34.6,0.592,0,1,119.7124
860,400,41,41,0,0,30.7,0.5915,0,1,121.527
861,400,48,48,0,0,39.15,0.591,0,1,122.4353
862,400,43,43,0,0,34.0,0.5906,0,1,123.9315
863,387,49,50,0,0,41.63,0.5901,0,1,125.7861
864,400,40,40,0,0,31.0,0.5896,0,1,127.1991
865,400,43,43,0,0,33.0,0.5891,0,1,126.2086
866,400,33,33,0,0,23.8,0.5887,0,1,126.5916
867,400,43,43,0,0,34.75,0.5882,0,1,124.4556
868,400,36,36,0,0,26.75,0.5877,0,1,126.2496
869,400,47,47,0,0,37.1,0.5872,0,1,125.4475
870,400,45,45,0,0,35.8,0.5867,0,1,123.5166
871,400,46,46,0,0,37.0,0.5863,0,1,126.6842
872,400,32,32,0,0,21.35,0.5858,0,1,130.8305
873,400,37,37,0,0,27.45,0.5853,0,1,132.8649
874,400,42,42,0,0,32.8,0.5849,0,1,131.6016
875,400,44,44,0,0,34.85,0.5844,0,1,129.8156
876,400,34,34,0,0,25.35,0.5839,0,1,126.532
877,400,43,43,0,0,33.3,0.5834,0,1,123.0124
878,400,41,41,0,0,31.2,0.583,0,1,124.3271
879,400,48,48,0,0,39.65,0.5825,0,1,122.6781
880,400,41,41,0,0,32.95,0.582,0,1,121.5391
881,400,38,38,0,0,29.05,0.5815,0,1,120.2367
882,400,37,37,0,0,28.25,0.5811,0,1,117.5055
883,400,39,39,0,0,29.9,0.5806,0,1,119.3562
884,400,45,45,0,0,36.1,0.5801,0,1,120.8353
885,400,49,49,0,0,40.15,0.5796,0,1,124.5446
886,400,34,34,0,0,24.5,0.5792,0,1,121.1256
887,400,48,48,0,0,39.45,0.5787,0,1,121.7931
888,400,45,45,0,0,35.9,0.5782,0,1,122.8144
889,370,49,50,0,0,41.2,0.5777,0,1,125.3289
890,400,42,42,0,0,32.5,0.5773,0,1,125.6602
891,400,48,48,0,0,39.7,0.5768,0,1,122.783
892,400,48,48,0,0,38.95,0.5763,0,1,121.8583
893,400,33,33,0,0,23.75,0.5758,0,1,118.8266
894,364,49,50,0,0,42.46,0.5754,0,1,118.0633
895,400,40,40,0,0,30.95,0.5749,0,1,115.9766
896,356,49,50,0,0,42.49,0.5744,0,1,115.99
897,400,44,45,0,0,36.25,0.5739,0,1,112.8298
898,400,37,37,0,0,27.65,0.5735,0,1,110.2423
899,400,47,47,0,0,38.75,0.573,0,1,111.2072
900,400,30,30,0,0,20.7,0.5725,0,1,113.2717
901,400,41,41,0,0,31.75,0.572,0,1,112.8834
902,400,39,39,0,0,30.0,0.5716,0,1,114.8857
903,400,41,42,0,0,31.7,0.5711,0,1,119.3419
904,400,47,47,0,0,38.25,0.5706,0,1,118.0425
905,400,39,39,0,0,29.65,0.5701,0,1,119.1538
906,400,36,36,0,0,27.65,0.5696,0,1,121.7091
907,400,40,40,0,0,30.5,0.5692,0,1,122.3716
908,400,47,47,0,0,38.25,0.5687,0,1,121.9481
909,400,44,44,0,0,35.8,0.5682,0,1,120.3199
910,400,47,47,0,0,37.75,0.5677,0,1,117.5473
911,388,49,50,0,0,42.02,0.5673,0,1,118.8355
912,400,47,47,0,0,38.1,0.5668,0,1,117.3467
913,400,47,47,0,0,38.95,0.5663,0,1,116.9598
914,373,49,50,0,0,41.07,0.5658,0,1,120.1607
915,400,47,47,0,0,37.55,0.5654,0,1,119.0036
916,400,39,39,0,0,30.3,0.5649,0,1,116.3136
917,400,40,40,0,0,30.3,0.5644,0,1,116.7325
918,400,45,45,0,0,35.7,0.5639,0,1,116.3895
919,366,49,50,0,0,42.94,0.5635,0,1,116.846
920,400,39,39,0,0,28.65,0.563,0,1,114.7365
921,400,49,49,0,0,39.9,0.5625,0,1,116.294
922,400,47,47,0,0,37.9,0.562,0,1,114.0561
923,400,47,48,0,0,39.9,0.5616,0,1,113.359
924,400,47,47,0,0,38.0,0.5611,0,1,111.9377
925,400,46,46,0,0,37.9,0.5606,0,1,114.1052
926,400,42,42,0,0,32.8,0.5601,0,1,114.4261
927,354,49,50,0,0,43.01,0.5597,0,1,114.1728
928,400,43,44,0,0,35.0,0.5592,0,1,111.0618
929,400,49,49,0,0,40.4,0.5587,0,1,109.5387
930,328,49,50,0,0,43.67,0.5583,0,1,109.1916
931,400,31,32,0,0,23.35,0.5578,0,1,106.136
932,400,42,42,0,0,32.8,0.5573,0,1,106.4696
933,400,36,36,0,0,27.5,0.5568,0,1,107.1456
934,400,43,43,0,0,34.35,0.5564,0,1,104.7982
935,400,30,30,0,0,21.25,0.5559,0,1,102.5402
936,400,46,46,0,0,36.8,0.5554,0,1,101.5956
937,400,31,31,0,0,22.2,0.5549,0,1,101.1424
938,400,48,49,0,0,40.85,0.5545,0,1,102.0352
939,400,26,26,0,0,17.65,0.554,0,1,100.4547
940,400,39,40,0,0,32.6,0.5535,0,1,102.3164
941,389,49,50,0,0,42.01,0.553,0,1,100.9482
942,400,40,40,0,0,31.15,0.5526,0,1,97.3663
943,400,48,48,0,0,39.2,0.5521,0,1,99.7062
944,376,49,50,0,0,42.29,0.5516,0,1,99.1362
945,400,44,44,0,0,35.85,0.5511,0,1,96.8711
946,399,49,50,0,0,41.71,0.5507,0,1,97.514
947,400,42,42,0,0,34.0,0.5502,0,1,94.9018
948,400,39,39,0,0,30.75,0.5497,0,1,93.8522
949,400,45,45,0,0,36.65,0.5492,0,1,95.0541
950,400,49,50,0,0,40.15,0.5488,0,1,98.2635
951,400,45,45,0,0,36.35,0.5483,0,1,98.5775
952,400,49,49,0,0,40.8,0.5478,0,1,100.3557
953,400,40,40,0,0,29.3,0.5473,0,1,104.8199
954,400,40,41,0,0,32.5,0.5469,0,1,105.8489
955,400,49,49,0,0,40.95,0.5464,0,1,103.6115
956,400,43,43,0,0,34.85,0.5459,0,1,102.356
957,400,40,41,0,0,32.65,0.5454,0,1,99.456
958,366,49,50,0,0,43.04,0.545,0,1,97.942
959,389,49,50,0,0,42.01,0.5445,0,1,96.7659
960,400,44,44,0,0,36.0,0.544,0,1,93.9289
961,400,47,47,0,0,37.05,0.5435,0,1,96.5205
962,400,49,49,0,0,40.85,0.5431,0,1,97.6457
963,400,40,40,0,0,30.75,0.5426,0,1,99.5362
964,400,42,42,0,0,33.25,0.5421,0,1,97.1235
965,365,49,50,0,0,42.1,0.5416,0,1,96.3333
966,400,47,47,0,0,39.35,0.5412,0,1,96.4395
967,397,49,50,0,0,40.73,0.5407,0,1,98.4123
968,400,43,43,0,0,33.6,0.5402,0,1,98.1111
969,394,49,50,0,0,41.21,0.5397,0,1,97.6974
970,400,44,44,0,0,35.65,0.5393,0,1,96.7705
971,400,43,43,0,0,33.7,0.5388,0,1,96.7908
972,400,45,45,0,0,36.35,0.5383,0,1,94.606
973,400,32,32,0,0,24.1,0.5378,0,1,93.0943
974,400,48,48,0,0,39.3,0.5373,0,1,93.3629
975,400,42,42,0,0,33.65,0.5369,0,1,91.3263
976,327,49,50,0,0,43.98,0.5364,0,1,92.0574
977,400,40,40,0,0,31.1,0.5359,0,1,91.3888
978,357,49,50,0,0,42.83,0.5354,0,1,92.2654
979,400,36,36,0,0,27.25,0.535,0,1,89.4414
980,400,45,45,0,0,36.85,0.5345,0,1,90.6242
981,400,49,49,0,0,39.7,0.534,0,1,93.4456
982,400,47,47,0,0,38.05,0.5335,0,1,94.5938
983,400,36,37,0,0,28.45,0.5331,0,1,94.4345
984,400,29,29,0,0,20.1,0.5326,0,1,90.514
985,400,40,40,0,0,31.4,0.5321,0,1,89.3402
986,395,49,50,0,0,40.25,0.5316,0,1,91.2794
987,400,25,25,0,0,15.9,0.5312,0,1,88.4464
988,400,46,46,0,0,37.65,0.5307,0,1,88.6748
989,400,14,14,0,0,4.25,0.5302,0,1,85.7073
990,400,43,43,0,0,34.55,0.5297,0,1,86.0813
991,400,38,38,0,0,28.85,0.5293,0,1,84.066
992,400,37,37,0,0,29.3,0.5288,0,1,84.0033
993,400,44,44,0,0,35.3,0.5283,0,1,83.8254
994,307,49,50,0,0,43.98,0.5279,0,1,85.3712
995,400,43,43,0,0,34.4,0.5274,0,1,84.0785
996,381,49,50,0,0,41.54,0.5269,0,1,83.6043
997,390,49,50,0,0,41.1,0.5264,0,1,83.4165
998,400,44,44,0,0,35.1,0.526,0,1,83.9543
999,365,49,50,0,0,42.6,0.5255,0,1,83.1406
1000,400,47,47,0,0,37.85,0.525,0,1,82.7483
1001,400,43,43,0,0,35.3,0.5245,0,1,81.0571
1002,358,49,50,0,0,42.87,0.5241,0,1,80.3442
1003,400,40,40,0,0,31.7,0.5236,0,1,79.6979
1004,400,45,45,0,0,36.3,0.5231,0,1,81.4393
1005,400,44,44,0,0,36.35,0.5226,0,1,81.2283
1006,328,49,50,0,0,42.92,0.5222,0,1,83.1583
1007,396,49,50,0,0,41.69,0.5217,0,1,83.1589
1008,400,34,34,0,0,25.8,0.5212,0,1,82.0943
1009,400,48,48,0,0,39.35,0.5207,0,1,80.7947
1010,400,34,34,0,0,26.3,0.5203,0,1,78.9238
1011,393,49,50,0,0,42.52,0.5198,0,1,77.8412
1012,400,47,47,0,0,38.5,0.5193,0,1,77.5761
1013,400,47,47,0,0,38.5,0.5188,0,1,76.2264
1014,400,47,47,0,0,38.85,0.5184,0,1,76.2782
1015,400,42,42,0,0,33.6,0.5179,0,1,75.9117
1016,400,43,43,0,0,33.95,0.5174,0,1,74.5015
1017,400,45,45,0,0,36.2,0.5169,0,1,76.5502
1018,400,48,48,0,0,39.65,0.5165,0,1,76.4704
1019,400,49,49,0,0,41.75,0.516,0,1,76.9872
1020,284,49,50,0,0,44.11,0.5155,0,1,78.545
1021,400,38,38,0,0,28.2,0.515,0,1,78.505
1022,369,49,50,0,0,41.61,0.5146,0,1,80.3737
1023,400,48,48,0,0,39.5,0.5141,0,1,82.2518
1024,400,44,44,0,0,36.25,0.5136,0,1,80.5672
1025,400,31,31,0,0,21.8,0.5131,0,1,80.256
1026,400,41,41,0,0,32.75,0.5127,0,1,79.5561
1027,364,49,50,0,0,42.26,0.5122,0,1,80.0195
1028,400,49,49,0,0,41.35,0.5117,0,1,79.4516
1029,345,49,50,0,0,43.35,0.5112,0,1,80.3226
1030,400,48,48,0,0,39.2,0.5108,0,1,80.8613
1031,400,43,43,0,0,34.9,0.5103,0,1,80.8669
1032,321,49,50,0,0,43.69,0.5098,0,1,80.9262
1033,400,38,39,0,0,30.75,0.5093,0,1,80.4935
1034,400,31,31,0,0,22.55,0.5089,0,1,79.3147
1035,400,44,44,0,0,35.55,0.5084,0,1,77.4734
1036,400,49,49,0,0,40.7,0.5079,0,1,77.7437
1037,400,49,49,0,0,41.3,0.5074,0,1,78.0216
1038,326,49,50,0,0,44.04,0.507,0,1,78.9562
1039,379,49,50,0,0,41.71,0.5065,0,1,78.2174
1040,385,49,50,0,0,41.85,0.506,0,1,77.1872
1041,400,45,45,0,0,36.55,0.5055,0,1,77.5605
1042,400,40,40,0,0,31.45,0.505,0,1,78.6647
1043,374,49,50,0,0,42.51,0.5046,0,1,78.9505
1044,400,39,39,0,0,31.0,0.5041,0,1,77.6327
1045,400,49,49,0,0,40.65,0.5036,0,1,77.0658
1046,400,36,36,0,0,27.65,0.5031,0,1,77.4741
1047,400,33,33,0,0,24.8,0.5027,0,1,76.7453
1048,400,45,45,0,0,36.5,0.5022,0,1,77.4344
1049,400,31,31,0,0,23.1,0.5017,0,1,75.9528
1050,400,43,43,0,0,35.15,0.5012,0,1,74.5924
1051,400,47,47,0,0,39.0,0.5008,0,1,75.2997
1052,346,49,50,0,0,43.19,0.5003,0,1,75.9067
1053,394,49,50,0,0,42.06,0.4998,0,1,75.1587
1054,370,49,50,0,0,42.35,0.4993,0,1,74.7945
1055,400,39,39,0,0,30.55,0.4989,0,1,73.7152
1056,400,40,40,0,0,31.1,0.4984,0,1,74.0804
1057,400,48,48,0,0,40.0,0.4979,0,1,73.6131
1058,252,49,50,0,0,45.53,0.4974,0,1,74.1566
1059,400,46,47,0,0,39.35,0.497,0,1,74.129
1060,400,31,31,0,0,21.3,0.4965,0,1,73.1427
1061,400,45,45,0,0,36.5,0.496,0,1,73.1662
1062,400,35,35,0,0,25.45,0.4956,0,1,72.579
1063,346,49,50,0,0,43.29,0.4951,0,1,73.4004
1064,400,32,32,0,0,23.9,0.4946,0,1,72.7055
1065,400,43,43,0,0,35.05,0.4941,0,1,73.0886
1066,400,49,49,0,0,40.5,0.4937,0,1,74.1842
1067,331,49,50,0,0,42.19,0.4932,0,1,75.9749
1068,400,46,46,0,0,36.9,0.4927,0,1,74.6365
1069,356,49,50,0,0,42.54,0.4922,0,1,75.4292
1070,400,46,47,0,0,38.55,0.4918,0,1,74.9596
1071,400,41,41,0,0,32.95,0.4913,0,1,73.9986
1072,400,34,34,0,0,26.15,0.4908,0,1,72.8122
1073,400,48,48,0,0,40.05,0.4903,0,1,72.8717
1074,400,47,48,0,0,39.75,0.4899,0,1,73.0885
1075,400,47,47,0,0,38.7,0.4894,0,1,72.0684
1076,400,49,49,0,0,41.65,0.4889,0,1,72.4597
1077,347,49,50,0,0,43.23,0.4884,0,1,73.4696
1078,400,46,46,0,0,38.0,0.4879,0,1,71.498
1079,345,49,50,0,0,42.65,0.4875,0,1,72.3077
1080,400,48,48,0,0,40.85,0.487,0,1,71.2251
1081,400,48,48,0,0,39.9,0.4865,0,1,69.6143
1082,400,40,40,0,0,31.25,0.486,0,1,69.3118
1083,400,40,40,0,0,30.85,0.4856,0,1,68.5163
1084,400,41,41,0,0,32.65,0.4851,0,1,66.3895
1085,240,49,50,0,0,45.85,0.4846,0,1,68.3311
1086,400,42,42,0,0,33.45,0.4841,0,1,69.0199
1087,400,48,49,0,0,40.0,0.4837,0,1,70.3367
1088,400,49,49,0,0,39.9,0.4832,0,1,69.6686
1089,326,49,50,0,0,43.89,0.4827,0,1,70.5163
1090,362,49,50,0,0,41.73,0.4822,0,1,69.9115
1091,400,38,38,0,0,29.55,0.4818,0,1,68.6576
1092,306,49,50,0,0,43.44,0.4813,0,1,70.0116
1093,329,49,50,0,0,43.21,0.4808,0,1,69.8583
1094,400,49,49,0,0,39.95,0.4803,0,1,69.1491
1095,370,49,50,0,0,42.6,0.4799,0,1,69.6426
1096,400,48,48,0,0,39.45,0.4794,0,1,68.8174
1097,400,42,42,0,0,33.65,0.4789,0,1,67.9976
1098,400,43,43,0,0,35.05,0.4784,0,1,68.5333
1099,400,47,48,0,0,38.8,0.478,0,1,69.2507
1100,400,49,49,0,0,40.55,0.4775,0,1,69.6321
1101,298,49,50,0,0,44.07,0.477,0,1,70.2327
1102,327,49,50,0,0,42.78,0.4766,0,1,70.1106
1103,344,49,50,0,0,42.56,0.4761,0,1,70.3725
1104,400,48,48,0,0,39.05,0.4756,0,1,70.0375
1105,400,49,49,0,0,40.85,0.4751,0,1,68.8301
1106,400,44,44,0,0,34.75,0.4747,0,1,67.9257
1107,400,30,30,0,0,21.75,0.4742,0,1,66.7811
1108,400,30,30,0,0,21.55,0.4737,0,1,65.9785
1109,400,42,42,0,0,33.3,0.4732,0,1,64.6969
1110,350,49,50,0,0,42.6,0.4728,0,1,64.9092
1111,400,48,48,0,0,39.7,0.4723,0,1,64.9372
1112,395,49,50,0,0,41.7,0.4718,0,1,65.6774
1113,400,46,46,0,0,37.0,0.4713,0,1,66.2452
1114,384,49,50,0,0,43.06,0.4708,0,1,68.8315
1115,341,49,50,0,0,43.49,0.4704,0,1,68.1245
1116,400,32,32,0,0,23.1,0.4699,0,1,67.0648
1117,400,48,48,0,0,39.7,0.4694,0,1,66.9802
1118,386,49,50,0,0,42.19,0.4689,0,1,67.1539
1119,366,49,50,0,0,42.59,0.4685,0,1,66.3256
1120,400,31,31,0,0,22.4,0.468,0,1,64.4299
1121,331,49,50,0,0,43.14,0.4675,0,1,65.9509
1122,400,44,44,0,0,35.25,0.467,0,1,66.3298
1123,265,49,50,0,0,44.25,0.4666,0,1,66.8384
1124,400,33,33,0,0,23.85,0.4661,0,1,65.4691
1125,400,49,49,0,0,41.7,0.4656,0,1,66.0979
1126,299,49,50,0,0,44.91,0.4652,0,1,67.8079
1127,400,16,16,0,0,7.0,0.4647,0,1,66.3015
1128,400,36,36,0,0,27.85,0.4642,0,1,66.3406
1129,333,49,50,0,0,43.57,0.4637,0,1,67.6977
1130,400,40,40,0,0,31.8,0.4633,0,1,65.9919
1131,316,49,50,0,0,43.79,0.4628,0,1,66.7449
1132,400,35,35,0,0,26.4,0.4623,0,1,66.7958
1133,400,47,47,0,0,38.85,0.4618,0,1,65.6341
1134,400,29,29,0,0,21.15,0.4614,0,1,64.5168
1135,284,49,50,0,0,44.11,0.4609,0,1,66.8116
1136,400,48,48,0,0,39.45,0.4604,0,1,65.6635
1137,342,49,50,0,0,41.53,0.4599,0,1,68.7244
1138,400,41,41,0,0,33.05,0.4595,0,1,67.2961
1139,311,49,50,0,0,44.19,0.459,0,1,68.4998
1140,400,49,49,0,0,40.5,0.4585,0,1,67.6807
1141,307,49,50,0,0,44.13,0.458,0,1,67.5648
1142,376,49,50,0,0,43.34,0.4576,0,1,68.3337
1143,400,49,49,0,0,40.25,0.4571,0,1,67.9909
1144,371,49,50,0,0,41.99,0.4566,0,1,68.2798
1145,400,48,48,0,0,40.3,0.4561,0,1,67.8772
1146,400,44,45,0,0,36.05,0.4557,0,1,67.0552
1147,400,33,33,0,0,24.7,0.4552,0,1,64.4621
1148,293,49,50,0,0,44.97,0.4547,0,1,65.1155
1149,400,45,45,0,0,37.1,0.4542,0,1,65.5783
1150,400,39,39,0,0,30.55,0.4538,0,1,63.8755
1151,400,37,37,0,0,28.55,0.4533,0,1,63.5358
1152,328,49,50,0,0,43.42,0.4528,0,1,64.7426
1153,400,47,47,0,0,38.45,0.4523,0,1,64.0301
1154,398,49,50,0,0,41.52,0.4519,0,1,62.543
1155,296,49,50,0,0,44.84,0.4514,0,1,62.4339
1156,400,48,48,0,0,39.55,0.4509,0,1,62.3136
1157,400,35,35,0,0,26.65,0.4504,0,1,61.3367
1158,396,49,50,0,0,42.39,0.45,0,1,61.3277
1159,400,43,43,0,0,35.25,0.4495,0,1,59.7534
1160,400,49,49,0,0,41.85,0.449,0,1,60.6417
1161,400,43,43,0,0,34.4,0.4485,0,1,59.7232
1162,343,49,50,0,0,44.07,0.4481,0,1,61.061
1163,398,49,50,0,0,42.47,0.4476,0,1,59.9754
1164,365,49,50,0,0,43.5,0.4471,0,1,59.3686
1165,357,49,50,0,0,42.53,0.4466,0,1,59.7116
1166,349,49,50,0,0,43.31,0.4462,0,1,60.4426
1167,400,40,40,0,0,32.5,0.4457,0,1,59.9245
1168,400,44,44,0,0,36.15,0.4452,0,1,59.7034
1169,400,49,49,0,0,40.9,0.4447,0,1,59.2499
1170,333,49,50,0,0,43.77,0.4443,0,1,59.1512
1171,400,46,46,0,0,38.35,0.4438,0,1,57.9634
1172,293,49,50,0,0,44.32,0.4433,0,1,59.1353
1173,324,49,50,0,0,43.21,0.4428,0,1,59.515
1174,400,37,38,0,0,28.8,0.4424,0,1,59.0288
1175,276,49,50,0,0,44.64,0.4419,0,1,58.9349
1176,398,49,50,0,0,42.57,0.4414,0,1,57.6691
1177,400,37,37,0,0,28.5,0.4409,0,1,56.3299
1178,288,49,50,0,0,44.67,0.4405,0,1,57.5198
1179,337,49,50,0,0,43.48,0.44,0,1,57.4058
1180,400,47,47,0,0,39.55,0.4395,0,1,57.54
1181,400,46,46,0,0,38.1,0.439,0,1,57.0569
1182,400,49,49,0,0,40.75,0.4386,0,1,57.1555
1183,400,48,48,0,0,40.25,0.4381,0,1,56.1868
1184,400,45,46,0,0,37.4,0.4376,0,1,56.6285
1185,304,49,50,0,0,44.26,0.4371,0,1,57.4033
1186,339,49,50,0,0,42.91,0.4367,0,1,57.0851
1187,400,40,40,0,0,31.85,0.4362,0,1,56.1675
1188,343,49,50,0,0,44.27,0.4357,0,1,56.901
1189,400,42,42,0,0,34.65,0.4352,0,1,56.5776
1190,400,36,36,0,0,27.8,0.4348,0,1,55.0443
1191,400,42,42,0,0,33.65,0.4343,0,1,54.2153
1192,400,36,36,0,0,28.2,0.4338,0,1,54.8055
1193,400,44,44,0,0,35.9,0.4333,0,1,53.9211
1194,342,49,50,0,0,43.78,0.4329,0,1,54.701
1195,356,49,50,0,0,42.59,0.4324,0,1,54.7398
1196,400,39,39,0,0,30.0,0.4319,0,1,53.7822
1197,400,39,39,0,0,30.6,0.4314,0,1,53.0386
1198,400,46,46,0,0,37.8,0.431,0,1,52.9374
1199,400,40,40,0,0,31.8,0.4305,0,1,52.5069
1200,332,49,50,0,0,43.13,0.43,0,1,52.6272
1201,400,48,48,0,0,40.0,0.4295,0,1,54.1842
1202,396,49,50,0,0,42.79,0.4291,0,1,54.8297
1203,400,43,43,0,0,35.4,0.4286,0,1,54.2009
1204,338,49,50,0,0,44.17,0.4281,0,1,55.7091
1205,400,32,32,0,0,23.7,0.4276,0,1,54.9646
1206,400,37,37,0,0,29.05,0.4272,0,1,54.0118
1207,322,49,50,0,0,43.68,0.4267,0,1,54.469
1208,353,49,50,0,0,43.27,0.4262,0,1,54.3248
1209,400,36,36,0,0,27.55,0.4257,0,1,53.901
1210,400,30,30,0,0,22.4,0.4253,0,1,52.3379
1211,400,49,49,0,0,41.0,0.4248,0,1,52.7953
1212,348,49,50,0,0,43.27,0.4243,0,1,53.4472
1213,342,49,50,0,0,43.13,0.4238,0,1,52.8894
1214,400,44,44,0,0,36.45,0.4234,0,1,51.7475
1215,285,49,50,0,0,44.4,0.4229,0,1,53.6634
1216,313,49,50,0,0,43.82,0.4224,0,1,54.2419
1217,309,49,50,0,0,44.41,0.4219,0,1,54.8212
1218,400,49,49,0,0,41.1,0.4214,0,1,54.1233
1219,233,49,50,0,0,44.97,0.421,0,1,55.4557
1220,400,37,37,0,0,29.5,0.4205,0,1,54.552
1221,400,29,30,0,0,21.8,0.42,0,1,53.6957
1222,400,43,43,0,0,35.4,0.4196,0,1,52.9907
1223,290,49,50,0,0,44.5,0.4191,0,1,53.4299
1224,381,49,50,0,0,41.59,0.4186,0,1,53.6731
1225,356,49,50,0,0,42.99,0.4181,0,1,53.9126
1226,400,44,44,0,0,35.85,0.4177,0,1,53.4006
1227,400,48,48,0,0,40.2,0.4172,0,1,53.3383
1228,400,45,45,0,0,37.2,0.4167,0,1,52.7452
1229,398,49,50,0,0,40.97,0.4162,0,1,53.2819
1230,400,43,43,0,0,35.15,0.4158,0,1,52.0539
1231,361,49,50,0,0,43.39,0.4153,0,1,52.6935
1232,400,44,45,0,0,37.05,0.4148,0,1,51.3925
1233,400,45,45,0,0,37.1,0.4143,0,1,49.9495
1234,238,49,50,0,0,46.27,0.4139,0,1,52.076
1235,347,49,50,0,0,43.33,0.4134,0,1,52.2323
1236,400,39,39,0,0,30.2,0.4129,0,1,51.6135
1237,247,49,50,0,0,45.53,0.4124,0,1,52.979
1238,400,42,42,0,0,33.9,0.412,0,1,53.338
1239,400,46,46,0,0,36.85,0.4115,0,1,53.1002
1240,400,37,37,0,0,27.55,0.411,0,1,52.8468
1241,281,49,50,0,0,43.79,0.4105,0,1,54.278
1242,262,49,50,0,0,45.43,0.4101,0,1,54.1826
1243,330,49,50,0,0,44.2,0.4096,0,1,54.2261
1244,363,49,50,0,0,42.87,0.4091,0,1,54.3947
1245,308,49,50,0,0,44.17,0.4086,0,1,53.6525
1246,351,49,50,0,0,43.59,0.4082,0,1,54.2543
1247,245,49,50,0,0,44.9,0.4077,0,1,55.0696
1248,391,49,50,0,0,42.84,0.4072,0,1,54.1112
1249,301,49,50,0,0,44.79,0.4067,0,1,53.6087
1250,400,35,35,0,0,27.25,0.4062,0,1,53.1191
1251,400,45,45,0,0,38.55,0.4058,0,1,53.9294
1252,336,49,50,0,0,43.19,0.4053,0,1,55.0378
1253,400,40,40,0,0,32.0,0.4048,0,1,54.256
1254,400,42,42,0,0,34.5,0.4043,0,1,53.2925
1255,363,49,50,0,0,43.07,0.4039,0,1,53.3037
1256,400,41,42,0,0,34.1,0.4034,0,1,52.4449
1257,349,49,50,0,0,43.31,0.4029,0,1,52.1032
1258,400,38,38,0,0,28.9,0.4024,0,1,51.3632
1259,400,48,48,0,0,39.8,0.402,0,1,52.702
1260,400,49,49,0,0,39.55,0.4015,0,1,52.5589
1261,400,40,40,0,0,31.3,0.401,0,1,51.2872
1262,307,49,50,0,0,44.73,0.4006,0,1,53.128
1263,400,48,48,0,0,39.0,0.4001,0,1,54.2712
1264,285,49,50,0,0,44.55,0.3996,0,1,54.778
1265,339,49,50,0,0,43.51,0.3991,0,1,53.7872
1266,314,49,50,0,0,43.91,0.3987,0,1,54.0232
1267,400,41,41,0,0,33.4,0.3982,0,1,52.7719
1268,400,46,46,0,0,37.1,0.3977,0,1,52.6808
1269,229,49,50,0,0,46.11,0.3972,0,1,53.7537
1270,400,24,24,0,0,16.05,0.3968,0,1,51.4093
1271,328,49,50,0,0,44.07,0.3963,0,1,52.3746
1272,400,48,48,0,0,40.2,0.3958,0,1,53.1452
1273,361,49,50,0,0,43.09,0.3953,0,1,53.762
1274,400,34,34,0,0,25.5,0.3949,0,1,52.841
1275,400,28,29,0,0,21.45,0.3944,0,1,51.1567
1276,400,25,25,0,0,16.35,0.3939,0,1,49.7657
1277,249,49,50,0,0,45.01,0.3934,0,1,51.1051
1278,328,49,50,0,0,43.37,0.393,0,1,51.664
1279,400,47,47,0,0,39.35,0.3925,0,1,51.2846
1280,299,49,50,0,0,44.11,0.392,0,1,52.1609
1281,400,23,23,0,0,14.55,0.3915,0,1,50.5962
1282,400,45,45,0,0,36.3,0.3911,0,1,50.9041
1283,369,49,50,0,0,42.01,0.3906,0,1,51.1886
1284,400,30,31,0,0,22.7,0.3901,0,1,49.1822
1285,304,49,50,0,0,43.66,0.3896,0,1,49.3719
1286,387,49,50,0,0,42.33,0.3891,0,1,49.7903
1287,293,49,50,0,0,43.37,0.3887,0,1,50.1554
1288,400,42,42,0,0,33.8,0.3882,0,1,50.4696
1289,246,49,50,0,0,45.49,0.3877,0,1,52.0666
1290,346,49,50,0,0,42.79,0.3872,0,1,52.5791
1291,400,48,48,0,0,40.3,0.3868,0,1,51.781
1292,400,40,40,0,0,30.95,0.3863,0,1,51.724
1293,321,49,50,0,0,43.79,0.3858,0,1,52.1945
1294,372,49,50,0,0,42.88,0.3853,0,1,51.5862
1295,400,49,49,0,0,40.75,0.3849,0,1,51.9913
1296,311,49,50,0,0,44.74,0.3844,0,1,53.6366
1297,400,47,47,0,0,38.8,0.3839,0,1,53.5991
1298,259,49,50,0,0,45.91,0.3834,0,1,54.4583
1299,400,41,41,0,0,33.0,0.383,0,1,55.1841
1300,400,35,35,0,0,27.15,0.3825,0,1,53.19
1301,400,41,42,0,0,33.85,0.382,0,1,51.5522
1302,400,31,31,0,0,23.1,0.3816,0,1,49.6011
1303,400,38,38,0,0,29.55,0.3811,0,1,49.1545
1304,400,44,44,0,0,37.35,0.3806,0,1,48.7435
1305,400,49,49,0,0,41.75,0.3801,0,1,48.451
1306,400,47,47,0,0,39.25,0.3797,0,1,49.3895
1307,400,47,47,0,0,38.8,0.3792,0,1,49.7431
1308,392,49,50,0,0,42.63,0.3787,0,1,51.2555
1309,400,45,45,0,0,37.55,0.3782,0,1,50.9897
1310,400,30,30,0,0,21.65,0.3778,0,1,49.4205
1311,400,47,47,0,0,39.3,0.3773,0,1,48.8269
1312,276,49,50,0,0,44.39,0.3768,0,1,49.0867
1313,372,49,50,0,0,42.43,0.3763,0,1,49.4597
1314,388,49,50,0,0,42.27,0.3759,0,1,48.3189
1315,400,47,48,0,0,40.15,0.3754,0,1,47.3136
1316,400,37,38,0,0,30.35,0.3749,0,1,46.2843
1317,400,49,49,0,0,41.4,0.3744,0,1,46.2046
1318,234,49,50,0,0,46.41,0.374,0,1,47.7354
1319,400,37,37,0,0,29.15,0.3735,0,1,46.7578
1320,279,49,50,0,0,44.36,0.373,0,1,48.1996
1321,334,49,50,0,0,44.36,0.3725,0,1,48.3705
1322,343,49,50,0,0,43.07,0.372,0,1,48.5155
1323,400,22,22,0,0,14.0,0.3716,0,1,47.0423
1324,227,49,50,0,0,46.03,0.3711,0,1,47.9819
1325,395,49,50,0,0,42.85,0.3706,0,1,47.8443
1326,400,49,49,0,0,41.05,0.3701,0,1,47.4669
1327,400,40,40,0,0,31.45,0.3697,0,1,47.5475
1328,400,26,26,0,0,17.55,0.3692,0,1,45.5291
1329,254,49,50,0,0,44.86,0.3687,0,1,45.9999
1330,400,49,49,0,0,41.1,0.3682,0,1,46.5961
1331,356,49,50,0,0,42.89,0.3678,0,1,46.5632
1332,400,48,48,0,0,40.8,0.3673,0,1,46.869
1333,396,49,50,0,0,42.39,0.3668,0,1,47.5019
1334,400,41,41,0,0,33.3,0.3663,0,1,46.7327
1335,400,37,37,0,0,29.55,0.3659,0,1,45.3081
1336,240,49,50,0,0,46.15,0.3654,0,1,46.3349
1337,400,43,43,0,0,35.6,0.3649,0,1,46.1504
1338,400,42,42,0,0,33.25,0.3644,0,1,45.2803
1339,400,35,35,0,0,27.7,0.364,0,1,43.8762
1340,323,49,50,0,0,43.57,0.3635,0,1,44.1938
1341,400,25,25,0,0,17.2,0.363,0,1,43.4213
1342,400,38,38,0,0,30.0,0.3626,0,1,43.8418
1343,364,49,50,0,0,43.01,0.3621,0,1,43.8248
1344,400,45,45,0,0,37.15,0.3616,0,1,43.2966
1345,226,49,50,0,0,46.29,0.3611,0,1,44.5418
1346,400,45,45,0,0,37.0,0.3607,0,1,44.4149
1347,383,49,50,0,0,42.97,0.3602,0,1,44.6442
1348,400,47,47,0,0,39.6,0.3597,0,1,44.7311
1349,268,49,50,0,0,46.37,0.3592,0,1,45.3246
1350,400,33,33,0,0,24.35,0.3588,0,1,45.7155
1351,319,49,50,0,0,44.31,0.3583,0,1,46.8408
1352,400,43,43,0,0,35.2,0.3578,0,1,46.9461
1353,400,35,35,0,0,26.35,0.3573,0,1,46.2572
1354,400,46,46,0,0,38.35,0.3569,0,1,45.5818
1355,400,41,41,0,0,33.35,0.3564,0,1,46.0315
1356,232,49,50,0,0,46.03,0.3559,0,1,47.8622
1357,400,37,37,0,0,29.55,0.3554,0,1,47.7817
1358,400,30,30,0,0,21.05,0.3549,0,1,45.92
1359,318,49,50,0,0,43.47,0.3545,0,1,46.486
1360,400,49,49,0,0,41.25,0.354,0,1,46.3528
1361,400,48,48,0,0,40.45,0.3535,0,1,45.5384
1362,336,49,50,0,0,43.99,0.353,0,1,45.1092
1363,346,49,50,0,0,43.99,0.3526,0,1,45.6173
1364,400,48,48,0,0,40.1,0.3521,0,1,44.8756
1365,215,49,50,0,0,46.45,0.3516,0,1,47.0987
1366,400,22,22,0,0,13.7,0.3511,0,1,44.9899
1367,258,49,50,0,0,45.42,0.3507,0,1,46.3252
1368,400,36,36,0,0,26.05,0.3502,0,1,45.903
1369,400,48,48,0,0,40.25,0.3497,0,1,46.6285
1370,400,47,47,0,0,39.8,0.3492,0,1,46.0978
1371,348,49,50,0,0,42.97,0.3488,0,1,46.1904
1372,400,48,48,0,0,41.05,0.3483,0,1,45.8911
1373,295,49,50,0,0,44.25,0.3478,0,1,45.4816
1374,400,38,38,0,0,29.95,0.3473,0,1,44.8665
1375,350,49,50,0,0,43.15,0.3469,0,1,46.2294
1376,400,49,49,0,0,41.3,0.3464,0,1,45.4739
1377,296,49,50,0,0,44.29,0.3459,0,1,46.263
1378,354,49,50,0,0,43.61,0.3455,0,1,45.886
1379,400,35,35,0,0,27.25,0.345,0,1,44.7279
1380,304,49,50,0,0,44.91,0.3445,0,1,46.6343
1381,263,49,50,0,0,45.77,0.344,0,1,48.0339
1382,400,19,19,0,0,10.3,0.3436,0,1,45.1589
1383,279,49,50,0,0,44.26,0.3431,0,1,45.7115
1384,395,49,50,0,0,42.7,0.3426,0,1,46.6055
1385,256,49,50,0,0,45.24,0.3421,0,1,47.373
1386,342,49,50,0,0,42.83,0.3417,0,1,47.2107
1387,351,49,50,0,0,43.89,0.3412,0,1,46.8355
1388,400,47,48,0,0,41.05,0.3407,0,1,45.7071
1389,400,46,47,0,0,38.15,0.3402,0,1,45.6548
1390,400,25,25,0,0,16.9,0.3398,0,1,44.6041
1391,400,45,45,0,0,38.1,0.3393,0,1,44.5024
1392,400,47,47,0,0,39.75,0.3388,0,1,44.3254
1393,354,49,50,0,0,43.91,0.3383,0,1,44.587
1394,321,49,50,0,0,43.69,0.3379,0,1,45.047
1395,400,44,44,0,0,36.35,0.3374,0,1,45.2727
1396,400,36,36,0,0,28.05,0.3369,0,1,45.0833
1397,268,49,50,0,0,45.87,0.3364,0,1,46.8632
1398,329,49,50,0,0,43.21,0.336,0,1,47.4156
1399,400,39,39,0,0,30.65,0.3355,0,1,46.3929
1400,341,49,50,0,0,43.94,0.335,0,1,46.5616
1401,384,49,50,0,0,42.46,0.3345,0,1,46.719
1402,370,49,50,0,0,42.9,0.3341,0,1,46.5148
1403,322,49,50,0,0,43.38,0.3336,0,1,46.4242
1404,396,49,50,0,0,42.29,0.3331,0,1,46.2267
1405,400,36,36,0,0,28.0,0.3326,0,1,44.9403
1406,372,49,50,0,0,42.78,0.3322,0,1,45.509
1407,293,49,50,0,0,44.22,0.3317,0,1,45.4103
1408,260,49,50,0,0,44.85,0.3312,0,1,45.5166
1409,400,39,39,0,0,31.05,0.3307,0,1,44.4085
1410,321,49,50,0,0,44.19,0.3303,0,1,44.8032
1411,400,44,44,0,0,36.15,0.3298,0,1,43.8779
1412,400,44,44,0,0,35.15,0.3293,0,1,43.8734
1413,333,49,50,0,0,43.67,0.3288,0,1,45.1268
1414,400,49,49,0,0,41.35,0.3284,0,1,45.1471
1415,388,49,50,0,0,42.52,0.3279,0,1,45.3476
1416,317,49,50,0,0,43.93,0.3274,0,1,45.9946
1417,400,41,41,0,0,32.8,0.3269,0,1,46.306
1418,356,49,50,0,0,43.79,0.3265,0,1,46.8831
1419,392,49,50,0,0,42.83,0.326,0,1,45.8231
1420,400,37,37,0,0,29.05,0.3255,0,1,44.2609
1421,286,49,50,0,0,45.49,0.325,0,1,45.8367
1422,400,32,32,0,0,24.05,0.3246,0,1,44.8895
1423,400,32,32,0,0,23.8,0.3241,0,1,43.3954
1424,400,25,25,0,0,17.35,0.3236,0,1,41.8941
1425,275,49,50,0,0,45.1,0.3231,0,1,42.9283
1426,400,49,49,0,0,41.0,0.3227,0,1,43.0151
1427,249,49,50,0,0,45.86,0.3222,0,1,44.273
1428,273,49,50,0,0,44.37,0.3217,0,1,45.6507
1429,278,49,50,0,0,45.02,0.3212,0,1,45.9992
1430,336,49,50,0,0,43.39,0.3208,0,1,46.4087
1431,400,45,45,0,0,38.0,0.3203,0,1,46.0238
1432,367,49,50,0,0,43.03,0.3198,0,1,46.4478
1433,400,47,47,0,0,39.4,0.3193,0,1,46.6262
1434,400,31,32,0,0,24.3,0.3189,0,1,45.1681
1435,400,49,49,0,0,41.0,0.3184,0,1,44.6799
1436,314,49,50,0,0,43.21,0.3179,0,1,45.0861
1437,400,44,44,0,0,35.8,0.3174,0,1,44.7311
1438,297,49,50,0,0,44.38,0.317,0,1,45.2037
1439,345,49,50,0,0,42.95,0.3165,0,1,45.0597
1440,400,48,48,0,0,40.45,0.316,0,1,44.0891
1441,362,49,50,0,0,43.58,0.3155,0,1,43.4
1442,400,48,48,0,0,40.9,0.3151,0,1,43.3643
1443,289,49,50,0,0,44.51,0.3146,0,1,44.2726
1444,400,23,23,0,0,15.0,0.3141,0,1,43.2709
1445,400,47,47,0,0,39.65,0.3136,0,1,43.7622
1446,302,49,50,0,0,44.63,0.3132,0,1,44.4008
1447,400,39,39,0,0,31.25,0.3127,0,1,44.0882
1448,400,30,31,0,0,22.95,0.3122,0,1,42.5035
1449,400,27,27,0,0,18.75,0.3117,0,1,40.9948
1450,309,49,50,0,0,44.71,0.3113,0,1,42.0814
1451,350,49,50,0,0,43.7,0.3108,0,1,42.3479
1452,281,49,50,0,0,44.49,0.3103,0,1,43.6553
1453,400,42,42,0,0,34.65,0.3098,0,1,42.7381
1454,400,37,37,0,0,29.2,0.3094,0,1,41.7857
1455,190,49,50,0,0,47.45,0.3089,0,1,43.9884
1456,400,46,47,0,0,39.55,0.3084,0,1,43.5236
1457,400,33,33,0,0,24.8,0.3079,0,1,42.7085
1458,400,41,41,0,0,33.55,0.3075,0,1,42.7433
1459,245,49,50,0,0,46.05,0.307,0,1,43.6891
1460,400,48,48,0,0,40.15,0.3065,0,1,43.7418
1461,400,36,36,0,0,28.45,0.306,0,1,42.4617
1462,294,49,50,0,0,44.66,0.3056,0,1,43.0039
1463,306,49,50,0,0,44.39,0.3051,0,1,43.8906
1464,317,49,50,0,0,43.78,0.3046,0,1,43.9761
1465,278,49,50,0,0,45.02,0.3041,0,1,43.9089
1466,400,48,48,0,0,40.25,0.3037,0,1,44.1185
1467,400,48,48,0,0,40.85,0.3032,0,1,43.9413
1468,365,49,50,0,0,42.65,0.3027,0,1,44.0203
1469,400,34,35,0,0,26.85,0.3022,0,1,42.9543
1470,357,49,50,0,0,43.63,0.3018,0,1,42.531
1471,343,49,50,0,0,43.22,0.3013,0,1,42.9268
1472,282,49,50,0,0,44.38,0.3008,0,1,43.5881
1473,298,49,50,0,0,44.02,0.3003,0,1,43.9063
1474,400,47,47,0,0,40.2,0.2999,0,1,43.8615
1475,309,49,50,0,0,44.11,0.2994,0,1,44.0807
1476,400,31,32,0,0,24.35,0.2989,0,1,42.0993
1477,400,46,46,0,0,37.9,0.2984,0,1,41.8066
1478,275,49,50,0,0,44.85,0.298,0,1,42.5551
1479,400,46,47,0,0,39.8,0.2975,0,1,42.1991
1480,377,49,50,0,0,42.93,0.297,0,1,42.6673
1481,400,43,43,0,0,35.4,0.2965,0,1,42.1915
1482,339,49,50,0,0,42.81,0.2961,0,1,42.2319
1483,330,49,50,0,0,44.1,0.2956,0,1,43.1847
1484,230,49,50,0,0,46.1,0.2951,0,1,43.7874
1485,327,49,50,0,0,44.43,0.2946,0,1,43.5419
1486,387,49,50,0,0,42.68,0.2942,0,1,43.3216
1487,372,49,50,0,0,42.53,0.2937,0,1,43.8513
1488,265,49,50,0,0,44.95,0.2932,0,1,44.2533
1489,400,47,47,0,0,38.9,0.2927,0,1,44.5868
1490,400,36,37,0,0,28.7,0.2923,0,1,44.4645
1491,350,49,50,0,0,43.0,0.2918,0,1,44.0019
1492,360,49,50,0,0,42.35,0.2913,0,1,43.6563
1493,400,45,45,0,0,36.7,0.2908,0,1,42.3126
1494,363,49,50,0,0,43.27,0.2903,0,1,42.0566
1495,333,49,50,0,0,44.07,0.2899,0,1,42.0147
1496,400,46,46,0,0,37.6,0.2894,0,1,41.6627
1497,400,37,38,0,0,29.95,0.2889,0,1,40.772
1498,388,49,50,0,0,42.97,0.2884,0,1,40.7151
1499,358,49,50,0,0,42.97,0.288,0,1,40.9195
1500,400,34,34,0,0,25.9,0.2875,0,1,39.95
1501,396,49,50,0,0,41.79,0.287,0,1,40.4247
1502,398,49,50,0,0,42.87,0.2866,0,1,40.3605
1503,398,49,50,0,0,43.57,0.2861,0,1,39.7916
1504,400,28,28,0,0,20.85,0.2856,0,1,38.8278
1505,400,44,45,0,0,39.15,0.2851,0,1,38.5916
1506,400,32,32,0,0,23.85,0.2847,0,1,37.9301
1507,400,46,46,0,0,38.6,0.2842,0,1,37.5756
1508,342,49,50,0,0,43.73,0.2837,0,1,37.6668
1509,311,49,50,0,0,44.39,0.2832,0,1,38.0148
1510,365,49,50,0,0,43.6,0.2828,0,1,37.7716
1511,400,48,48,0,0,40.4,0.2823,0,1,37.7446
1512,368,49,50,0,0,43.22,0.2818,0,1,38.0451
1513,270,49,50,0,0,45.35,0.2813,0,1,39.1077
1514,400,48,48,0,0,41.05,0.2809,0,1,40.3257
1515,400,14,14,0,0,4.8,0.2804,0,1,38.0663
1516,267,49,50,0,0,46.13,0.2799,0,1,39.1801
1517,373,49,50,0,0,42.67,0.2794,0,1,39.6567
1518,400,37,37,0,0,29.15,0.279,0,1,38.2346
1519,264,49,50,0,0,44.51,0.2785,0,1,39.8262
1520,400,46,46,0,0,38.45,0.278,0,1,38.8038
1521,400,38,38,0,0,29.8,0.2775,0,1,38.835
1522,358,49,50,0,0,42.82,0.2771,0,1,38.7772
1523,307,49,50,0,0,44.28,0.2766,0,1,39.4087
1524,244,49,50,0,0,45.61,0.2761,0,1,40.1546
1525,400,35,36,0,0,28.1,0.2756,0,1,39.6286
1526,400,44,44,0,0,36.75,0.2752,0,1,39.2798
1527,230,49,50,0,0,46.7,0.2747,0,1,40.1425
1528,310,49,50,0,0,44.65,0.2742,0,1,39.9717
1529,357,49,50,0,0,43.53,0.2737,0,1,40.5522
1530,400,40,40,0,0,32.2,0.2732,0,1,41.1088
1531,335,49,50,0,0,43.85,0.2728,0,1,41.5782
1532,400,35,35,0,0,27.45,0.2723,0,1,39.9996
1533,400,41,41,0,0,33.75,0.2718,0,1,39.6739
1534,400,22,22,0,0,15.1,0.2713,0,1,38.2834
1535,181,49,50,0,0,47.54,0.2709,0,1,39.5416
1536,284,49,50,0,0,44.71,0.2704,0,1,39.826
1537,400,46,46,0,0,38.8,0.2699,0,1,40.034
1538,400,45,45,0,0,36.75,0.2694,0,1,39.8857
1539,252,49,50,0,0,46.23,0.269,0,1,40.5072
1540,398,49,50,0,0,43.47,0.2685,0,1,41.0778
1541,400,42,42,0,0,34.7,0.268,0,1,40.2345
1542,400,49,49,0,0,41.55,0.2676,0,1,40.0664
1543,400,26,27,0,0,18.8,0.2671,0,1,38.1317
1544,288,49,50,0,0,44.97,0.2666,0,1,38.2683
1545,400,39,39,0,0,31.15,0.2661,0,1,37.6118
1546,184,49,50,0,0,47.71,0.2657,0,1,39.0044
1547,371,49,50,0,0,42.34,0.2652,0,1,39.2822
1548,400,28,28,0,0,18.9,0.2647,0,1,38.0971
1549,339,49,50,0,0,43.51,0.2642,0,1,39.0909
1550,400,47,47,0,0,39.0,0.2638,0,1,38.3935
1551,246,49,50,0,0,44.79,0.2633,0,1,39.2367
1552,336,49,50,0,0,43.89,0.2628,0,1,39.0049
1553,400,29,30,0,0,22.25,0.2623,0,1,37.6222
1554,400,49,49,0,0,41.85,0.2619,0,1,37.8658
1555,212,49,50,0,0,47.43,0.2614,0,1,38.952
1556,400,33,33,0,0,25.1,0.2609,0,1,37.8444
1557,358,49,50,0,0,44.27,0.2604,0,1,38.4204
1558,400,47,47,0,0,40.7,0.26,0,1,38.348
1559,239,49,50,0,0,45.41,0.2595,0,1,39.8344
1560,353,49,50,0,0,43.62,0.259,0,1,39.6698
1561,329,49,50,0,0,43.91,0.2585,0,1,39.7909
1562,400,48,48,0,0,41.25,0.2581,0,1,38.9447
1563,400,44,44,0,0,35.4,0.2576,0,1,38.8577
1564,211,49,50,0,0,46.79,0.2571,0,1,40.8408
1565,400,49,49,0,0,42.6,0.2566,0,1,40.5273
1566,356,49,50,0,0,43.59,0.2561,0,1,41.3463
1567,400,48,48,0,0,40.4,0.2557,0,1,40.3363
1568,295,49,50,0,0,44.25,0.2552,0,1,40.4981
1569,380,49,50,0,0,42.5,0.2547,0,1,40.5364
1570,400,49,49,0,0,42.05,0.2542,0,1,40.963
1571,332,49,50,0,0,42.83,0.2538,0,1,41.5676
1572,353,49,50,0,0,43.77,0.2533,0,1,41.0765
1573,400,26,26,0,0,18.35,0.2528,0,1,38.9489
1574,327,49,50,0,0,43.78,0.2523,0,1,38.5684
1575,321,49,50,0,0,44.79,0.2519,0,1,39.6468
1576,397,49,50,0,0,43.13,0.2514,0,1,39.6399
1577,400,49,50,0,0,42.3,0.2509,0,1,39.2115
1578,341,49,50,0,0,43.74,0.2504,0,1,39.9342
1579,317,49,50,0,0,43.73,0.25,0,1,40.1194
1580,400,44,44,0,0,36.1,0.2495,0,1,39.1166
1581,400,46,46,0,0,37.85,0.249,0,1,39.0616
1582,199,49,50,0,0,46.36,0.2486,0,1,40.1276
1583,324,49,50,0,0,43.91,0.2481,0,1,40.4815
1584,400,43,43,0,0,34.9,0.2476,0,1,40.6479
1585,243,49,50,0,0,45.72,0.2471,0,1,41.0805
1586,372,49,50,0,0,42.43,0.2467,0,1,41.4308
1587,400,42,42,0,0,34.6,0.2462,0,1,40.051
1588,286,49,50,0,0,44.49,0.2457,0,1,40.3613
1589,400,44,45,0,0,37.5,0.2452,0,1,39.1005
1590,239,49,50,0,0,45.76,0.2448,0,1,39.7923
1591,370,49,50,0,0,42.25,0.2443,0,1,40.8181
1592,400,30,30,0,0,22.1,0.2438,0,1,39.1897
1593,395,49,50,0,0,42.25,0.2433,0,1,39.3768
1594,400,39,39,0,0,29.6,0.2429,0,1,39.3078
1595,318,49,50,0,0,43.92,0.2424,0,1,39.5359
1596,356,49,50,0,0,42.39,0.2419,0,1,39.4685
1597,344,49,50,0,0,44.11,0.2414,0,1,38.9975
1598,383,49,50,0,0,43.77,0.2409,0,1,38.7748
1599,325,49,50,0,0,44.65,0.2405,0,1,38.4165
1600,400,49,49,0,0,41.45,0.24,0,1,37.9746
1601,400,35,35,0,0,27.2,0.2395,0,1,36.5795
1602,400,30,30,0,0,21.45,0.239,0,1,35.6557
1603,244,49,50,0,0,46.11,0.2386,0,1,36.9081
1604,400,18,19,0,0,10.65,0.2381,0,1,34.9822
1605,400,22,22,0,0,14.2,0.2376,0,1,33.254
1606,383,49,50,0,0,42.42,0.2371,0,1,34.1498
1607,319,49,50,0,0,44.06,0.2367,0,1,35.1561
1608,258,49,50,0,0,45.27,0.2362,0,1,35.6603
1609,400,38,38,0,0,29.6,0.2357,0,1,35.3951
1610,158,49,50,0,0,47.87,0.2352,0,1,37.0197
1611,361,49,50,0,0,42.44,0.2348,0,1,37.4436
1612,400,49,49,0,0,39.95,0.2343,0,1,37.274
1613,400,43,44,0,0,36.05,0.2338,0,1,36.7042
1614,400,46,47,0,0,39.9,0.2333,0,1,36.0755
1615,287,49,50,0,0,44.68,0.2329,0,1,36.7118
1616,312,49,50,0,0,44.68,0.2324,0,1,37.0093
1617,400,48,48,0,0,40.1,0.2319,0,1,36.3639
1618,340,49,50,0,0,43.85,0.2314,0,1,36.4089
1619,400,24,24,0,0,16.35,0.231,0,1,34.6932
1620,400,33,33,0,0,24.45,0.2305,0,1,33.6727
1621,222,49,50,0,0,47.03,0.23,0,1,35.1829
1622,400,47,47,0,0,40.2,0.2296,0,1,35.5025
1623,346,49,50,0,0,43.29,0.2291,0,1,35.831
1624,400,30,30,0,0,21.55,0.2286,0,1,35.0162
1625,400,48,48,0,0,41.3,0.2281,0,1,35.5992
1626,400,38,38,0,0,30.3,0.2277,0,1,35.4992
1627,208,49,50,0,0,47.17,0.2272,0,1,37.5759
1628,376,49,50,0,0,43.69,0.2267,0,1,37.8049
1629,400,45,45,0,0,37.9,0.2262,0,1,37.432
1630,168,49,50,0,0,47.67,0.2258,0,1,39.0479
1631,359,49,50,0,0,43.66,0.2253,0,1,39.0345
1632,330,49,50,0,0,43.6,0.2248,0,1,39.6134
1633,234,49,50,0,0,45.81,0.2243,0,1,40.0463
1634,400,42,43,0,0,34.65,0.2239,0,1,39.4321
1635,398,49,50,0,0,42.92,0.2234,0,1,38.7794
1636,312,49,50,0,0,44.73,0.2229,0,1,38.9918
1637,391,49,50,0,0,42.69,0.2224,0,1,39.2515
1638,400,49,49,0,0,42.55,0.222,0,1,39.3033
1639,400,45,45,0,0,37.8,0.2215,0,1,38.5024
1640,205,49,50,0,0,46.6,0.221,0,1,39.812
1641,400,47,47,0,0,39.25,0.2205,0,1,39.881
1642,400,47,47,0,0,40.2,0.2201,0,1,39.3387
1643,320,49,50,0,0,44.85,0.2196,0,1,39.5903
1644,400,39,40,0,0,32.1,0.2191,0,1,38.2598
1645,400,43,43,0,0,35.25,0.2186,0,1,38.2161
1646,314,49,50,0,0,44.51,0.2182,0,1,39.0448
1647,400,48,48,0,0,40.2,0.2177,0,1,39.2332
1648,400,41,42,0,0,34.85,0.2172,0,1,38.1758
1649,397,49,50,0,0,42.73,0.2167,0,1,37.2578
1650,400,19,19,0,0,11.6,0.2163,0,1,35.7917
1651,266,49,50,0,0,45.94,0.2158,0,1,36.8163
1652,329,49,50,0,0,43.21,0.2153,0,1,37.0562
1653,390,49,50,0,0,43.15,0.2148,0,1,36.8484
1654,400,26,26,0,0,18.75,0.2144,0,1,35.4477
1655,400,35,35,0,0,28.2,0.2139,0,1,34.9361
1656,268,49,50,0,0,45.37,0.2134,0,1,35.9963
1657,320,49,50,0,0,44.8,0.2129,0,1,36.2914
1658,375,49,50,0,0,42.55,0.2125,0,1,36.3028
1659,400,44,45,0,0,38.1,0.212,0,1,35.4535
1660,334,49,50,0,0,44.21,0.2115,0,1,35.6484
1661,352,49,50,0,0,43.03,0.211,0,1,36.0129
1662,385,49,50,0,0,42.95,0.2106,0,1,36.5411
1663,400,44,45,0,0,37.9,0.2101,0,1,35.8208
1664,400,49,49,0,0,40.8,0.2096,0,1,35.7857
1665,400,49,49,0,0,41.5,0.2091,0,1,35.8553
1666,400,49,49,0,0,41.15,0.2087,0,1,36.5943
1667,195,49,50,0,0,47.6,0.2082,0,1,37.2189
1668,305,49,50,0,0,45.1,0.2077,0,1,37.6073
1669,400,49,50,0,0,42.45,0.2072,0,1,37.6317
1670,400,22,22,0,0,13.7,0.2068,0,1,35.4054
1671,307,49,50,0,0,44.53,0.2063,0,1,36.0276
1672,400,30,30,0,0,22.7,0.2058,0,1,34.8971
1673,197,49,50,0,0,47.28,0.2053,0,1,36.3642
1674,309,49,50,0,0,43.86,0.2049,0,1,36.933
1675,275,49,50,0,0,45.25,0.2044,0,1,36.9488
1676,400,47,47,0,0,38.3,0.2039,0,1,36.3978
1677,275,49,50,0,0,45.25,0.2034,0,1,36.8777
1678,370,49,50,0,0,42.85,0.203,0,1,37.3974
1679,400,46,46,0,0,38.9,0.2025,0,1,36.6093
1680,316,49,50,0,0,44.39,0.202,0,1,36.8392
1681,361,49,50,0,0,43.84,0.2015,0,1,36.0935
1682,388,49,50,0,0,43.72,0.2011,0,1,35.8372
1683,286,49,50,0,0,44.09,0.2006,0,1,36.0782
1684,400,28,29,0,0,21.45,0.2001,0,1,34.9564
1685,400,45,45,0,0,38.45,0.1996,0,1,34.4777
1686,400,47,48,0,0,41.3,0.1992,0,1,34.3681
1687,341,49,50,0,0,43.99,0.1987,0,1,34.5581
1688,400,39,39,0,0,31.8,0.1982,0,1,33.9483
1689,276,49,50,0,0,45.69,0.1977,0,1,34.6021
1690,400,34,34,0,0,25.55,0.1973,0,1,34.2739
1691,329,49,50,0,0,44.76,0.1968,0,1,34.8261
1692,400,45,46,0,0,39.2,0.1963,0,1,34.5818
1693,400,49,50,0,0,42.65,0.1958,0,1,34.8595
1694,400,38,38,0,0,29.35,0.1954,0,1,34.4252
1695,263,49,50,0,0,46.12,0.1949,0,1,34.8781
1696,256,49,50,0,0,45.79,0.1944,0,1,35.0346
1697,400,19,19,0,0,11.4,0.1939,0,1,33.4258
1698,201,49,50,0,0,47.39,0.1935,0,1,34.159
1699,400,22,22,0,0,13.65,0.193,0,1,32.8672
1700,212,49,50,0,0,47.13,0.1925,0,1,33.9193
1701,366,49,50,0,0,42.64,0.192,0,1,34.3226
1702,306,49,50,0,0,43.79,0.1916,0,1,34.8881
1703,400,27,27,0,0,19.3,0.1911,0,1,33.4715
1704,266,49,50,0,0,44.99,0.1906,0,1,34.2091
1705,400,31,31,0,0,22.65,0.1901,0,1,34.0023
1706,192,49,50,0,0,46.68,0.1897,0,1,35.7986
1707,318,49,50,0,0,43.47,0.1892,0,1,35.8606
1708,400,45,46,0,0,38.0,0.1887,0,1,35.632
1709,279,49,50,0,0,45.11,0.1882,0,1,36.2426
1710,294,49,50,0,0,44.61,0.1878,0,1,36.5027
1711,400,37,37,0,0,29.2,0.1873,0,1,35.2909
1712,264,49,50,0,0,45.81,0.1868,0,1,35.6379
1713,361,49,50,0,0,44.44,0.1863,0,1,36.0028
1714,400,30,31,0,0,22.85,0.1859,0,1,34.6998
1715,400,48,48,0,0,40.15,0.1854,0,1,35.1316
1716,148,49,50,0,0,47.97,0.1849,0,1,36.426
1717,353,49,50,0,0,43.87,0.1844,0,1,36.3077
1718,400,42,42,0,0,34.7,0.184,0,1,35.5105
1719,400,38,38,0,0,30.0,0.1835,0,1,35.0337
1720,203,49,50,0,0,47.47,0.183,0,1,35.9555
1721,400,40,40,0,0,32.9,0.1825,0,1,35.1072
1722,306,49,50,0,0,44.29,0.1821,0,1,35.0813
1723,397,49,50,0,0,43.03,0.1816,0,1,34.4818
1724,312,49,50,0,0,43.83,0.1811,0,1,34.8998
1725,400,49,49,0,0,41.8,0.1806,0,1,34.3698
1726,400,42,42,0,0,34.1,0.1802,0,1,34.0557
1727,370,49,50,0,0,43.85,0.1797,0,1,34.3323
1728,342,49,50,0,0,44.88,0.1792,0,1,34.8087
1729,334,49,50,0,0,43.91,0.1787,0,1,34.6666
1730,400,47,47,0,0,39.9,0.1783,0,1,34.3033
1731,400,43,43,0,0,35.2,0.1778,0,1,34.0009
1732,400,45,45,0,0,36.75,0.1773,0,1,33.3866
1733,185,49,50,0,0,47.55,0.1768,0,1,34.6835
1734,400,27,28,0,0,20.15,0.1764,0,1,32.9036
1735,400,20,20,0,0,12.25,0.1759,0,1,31.2052
1736,400,32,32,0,0,23.75,0.1754,0,1,30.1208
1737,400,22,22,0,0,14.5,0.1749,0,1,29.0421
1738,400,25,26,0,0,19.65,0.1744,0,1,28.3884
1739,400,9,9,0,0,0.7,0.174,0,1,27.2467
1740,400,42,42,0,0,34.95,0.1735,0,1,28.2331
1741,283,49,50,0,0,44.77,0.173,0,1,29.192
1742,400,13,13,0,0,4.9,0.1726,0,1,27.8113
1743,310,49,50,0,0,44.15,0.1721,0,1,28.5589
1744,400,21,21,0,0,13.55,0.1716,0,1,27.4959
1745,400,23,23,0,0,15.6,0.1711,0,1,26.5761
1746,400,19,19,0,0,9.65,0.1707,0,1,25.9605
1747,290,49,50,0,0,45.85,0.1702,0,1,27.2023
1748,400,32,32,0,0,23.45,0.1697,0,1,27.2139
1749,240,49,50,0,0,46.65,0.1692,0,1,28.6617
1750,374,49,50,0,0,43.01,0.1688,0,1,29.0294
1751,400,17,17,0,0,9.75,0.1683,0,1,27.8484
1752,307,49,50,0,0,46.23,0.1678,0,1,28.4096
1753,400,38,38,0,0,31.05,0.1673,0,1,28.3704
1754,400,19,19,0,0,11.65,0.1669,0,1,27.0498
1755,400,46,46,0,0,37.25,0.1664,0,1,27.6495
1756,266,49,50,0,0,45.09,0.1659,0,1,28.2703
1757,221,49,50,0,0,45.84,0.1654,0,1,29.2534
1758,258,49,50,0,0,45.07,0.165,0,1,30.0768
1759,400,9,9,0,0,1.55,0.1645,0,1,28.2763
1760,289,49,50,0,0,44.61,0.164,0,1,29.1785
1761,400,29,29,0,0,22.75,0.1635,0,1,28.498
1762,365,49,50,0,0,42.55,0.1631,0,1,28.6811
1763,397,49,50,0,0,42.28,0.1626,0,1,29.1961
1764,271,49,50,0,0,44.39,0.1621,0,1,30.5008
1765,400,31,31,0,0,22.5,0.1616,0,1,29.7072
1766,181,49,50,0,0,47.64,0.1612,0,1,31.3388
1767,243,49,50,0,0,46.47,0.1607,0,1,31.837
1768,320,49,50,0,0,43.25,0.1602,0,1,32.6892
1769,362,49,50,0,0,43.43,0.1597,0,1,33.0503
1770,400,21,21,0,0,13.2,0.1593,0,1,31.7021
1771,400,6,6,0,0,-2.45,0.1588,0,1,29.8951
1772,400,14,14,0,0,5.85,0.1583,0,1,28.2635
1773,400,22,22,0,0,14.3,0.1578,0,1,27.3814
1774,386,49,50,0,0,43.99,0.1573,0,1,28.1241
1775,400,10,10,0,0,2.3,0.1569,0,1,26.7225
1776,326,49,50,0,0,45.79,0.1564,0,1,27.5395
1777,400,16,16,0,0,8.15,0.1559,0,1,26.2921
1778,308,49,50,0,0,43.87,0.1554,0,1,26.6205
1779,400,28,28,0,0,20.15,0.155,0,1,26.5005
1780,302,49,50,0,0,45.73,0.1545,0,1,27.5026
1781,400,17,17,0,0,9.25,0.154,0,1,26.1782
1782,288,49,50,0,0,45.37,0.1536,0,1,27.2248
1783,400,25,25,0,0,17.75,0.1531,0,1,26.6093
1784,331,49,50,0,0,44.74,0.1526,0,1,27.7988
1785,293,49,50,0,0,45.22,0.1521,0,1,28.5428
1786,296,49,50,0,0,44.34,0.1517,0,1,29.1062
1787,379,49,50,0,0,43.11,0.1512,0,1,29.3068
1788,400,46,46,0,0,39.25,0.1507,0,1,29.1942
1789,400,18,18,0,0,10.45,0.1502,0,1,27.6312
1790,330,49,50,0,0,43.25,0.1498,0,1,27.6728
1791,400,34,34,0,0,25.1,0.1493,0,1,27.8499
1792,236,49,50,0,0,47.19,0.1488,0,1,29.3462
1793,400,42,42,0,0,33.75,0.1483,0,1,29.4434
1794,400,49,49,0,0,41.95,0.1479,0,1,30.1448
1795,400,49,49,0,0,43.05,0.1474,0,1,30.7156
1796,223,49,50,0,0,46.97,0.1469,0,1,31.5135
1797,400,42,42,0,0,33.7,0.1464,0,1,31.5964
1798,168,49,50,0,0,47.97,0.146,0,1,33.1263
1799,400,48,48,0,0,41.5,0.1455,0,1,33.2154
1800,400,25,25,0,0,16.65,0.145,0,1,31.773
1801,296,49,50,0,0,44.39,0.1445,0,1,32.1132
1802,315,49,50,0,0,44.85,0.1441,0,1,33.0227
1803,400,44,45,0,0,37.35,0.1436,0,1,32.5838
1804,400,45,45,0,0,37.6,0.1431,0,1,31.6237
1805,224,49,50,0,0,46.51,0.1426,0,1,33.1707
1806,400,16,16,0,0,8.1,0.1421,0,1,31.0944
1807,400,29,29,0,0,21.8,0.1417,0,1,30.1103
1808,400,44,44,0,0,36.45,0.1412,0,1,30.1062
1809,241,49,50,0,0,45.94,0.1407,0,1,30.7352
1810,254,49,50,0,0,46.36,0.1402,0,1,31.0724
1811,247,49,50,0,0,45.23,0.1398,0,1,31.9028
1812,400,21,21,0,0,13.5,0.1393,0,1,30.2159
1813,329,49,50,0,0,45.51,0.1388,0,1,30.8303
1814,400,17,17,0,0,10.2,0.1383,0,1,29.2468
1815,298,49,50,0,0,45.92,0.1379,0,1,29.4345
1816,293,49,50,0,0,44.97,0.1374,0,1,30.0144
1817,400,30,30,0,0,21.3,0.1369,0,1,29.1741
1818,400,13,13,0,0,4.55,0.1364,0,1,27.9046
1819,147,49,50,0,0,48.23,0.136,0,1,29.366
1820,349,49,50,0,0,44.71,0.1355,0,1,29.6072
1821,400,35,35,0,0,28.25,0.135,0,1,29.1859
1822,400,10,10,0,0,1.95,0.1346,0,1,27.3712
1823,400,49,49,0,0,44.15,0.1341,0,1,27.5755
1824,400,16,16,0,0,8.4,0.1336,0,1,26.5823
1825,163,49,50,0,0,48.02,0.1331,0,1,27.9375
1826,400,49,49,0,0,42.15,0.1327,0,1,28.2246
1827,400,19,19,0,0,11.3,0.1322,0,1,26.9438
1828,307,49,50,0,0,44.68,0.1317,0,1,27.8613
1829,400,49,49,0,0,41.05,0.1312,0,1,28.3244
1830,400,16,16,0,0,7.5,0.1308,0,1,27.0513
1831,295,49,50,0,0,45.75,0.1303,0,1,27.8002
1832,400,16,16,0,0,8.25,0.1298,0,1,26.2251
1833,240,49,50,0,0,46.6,0.1293,0,1,27.1802
1834,316,49,50,0,0,44.84,0.1289,0,1,28.0449
1835,311,49,50,0,0,43.99,0.1284,0,1,28.5596
1836,400,33,33,0,0,25.8,0.1279,0,1,28.0857
1837,400,28,28,0,0,19.65,0.1274,0,1,27.184
1838,287,49,50,0,0,45.48,0.127,0,1,27.8012
1839,310,49,50,0,0,43.85,0.1265,0,1,28.5503
1840,400,13,13,0,0,4.6,0.126,0,1,26.8054
1841,148,49,50,0,0,47.42,0.1255,0,1,28.0394
1842,202,49,50,0,0,44.43,0.125,0,1,28.486
1843,400,48,48,0,0,41.45,0.1246,0,1,28.1893
1844,400,49,49,0,0,41.85,0.1241,0,1,28.5416
1845,400,44,44,0,0,36.6,0.1236,0,1,28.1329
1846,160,49,50,0,0,48.05,0.1231,0,1,30.1999
1847,270,49,50,0,0,44.75,0.1227,0,1,30.6448
1848,383,49,50,0,0,43.77,0.1222,0,1,30.3718
1849,344,49,50,0,0,42.81,0.1217,0,1,30.4585
1850,400,26,26,0,0,18.6,0.1212,0,1,29.1645
1851,195,49,50,0,0,47.95,0.1208,0,1,29.5712
1852,400,43,43,0,0,36.7,0.1203,0,1,29.5984
1853,385,49,50,0,0,42.55,0.1198,0,1,29.5295
1854,391,49,50,0,0,43.44,0.1193,0,1,29.5324
1855,379,49,50,0,0,42.91,0.1189,0,1,29.8133
1856,400,31,31,0,0,23.5,0.1184,0,1,28.7471
1857,333,49,50,0,0,44.22,0.1179,0,1,29.5313
1858,400,13,13,0,0,4.1,0.1174,0,1,27.6237
1859,371,49,50,0,0,43.89,0.117,0,1,27.937
1860,400,28,29,0,0,21.0,0.1165,0,1,26.7834
1861,314,49,50,0,0,44.81,0.116,0,1,26.8625
1862,400,47,47,0,0,40.45,0.1156,0,1,26.6354
1863,170,49,50,0,0,47.6,0.1151,0,1,27.4551
1864,389,49,50,0,0,42.36,0.1146,0,1,27.8135
1865,324,49,50,0,0,44.21,0.1141,0,1,27.9426
1866,400,21,22,0,0,14.85,0.1137,0,1,26.6995
1867,400,10,10,0,0,2.5,0.1132,0,1,25.0595
1868,400,49,49,0,0,43.2,0.1127,0,1,25.3117
1869,400,33,34,0,0,26.05,0.1122,0,1,25.3757
1870,400,47,48,0,0,42.45,0.1118,0,1,25.3606
1871,400,49,49,0,0,42.25,0.1113,0,1,25.9235
1872,234,49,50,0,0,47.21,0.1108,0,1,26.961
1873,400,5,5,0,0,-3.6,0.1103,0,1,25.5321
1874,379,49,50,0,0,44.26,0.1099,0,1,26.254
1875,400,43,43,0,0,36.0,0.1094,0,1,26.2626
1876,400,45,45,0,0,38.05,0.1089,0,1,26.3454
1877,400,38,38,0,0,30.6,0.1084,0,1,26.2952
1878,269,49,50,0,0,47.11,0.108,0,1,27.3332
1879,400,25,25,0,0,17.65,0.1075,0,1,26.7366
1880,268,49,50,0,0,46.02,0.107,0,1,26.8307
1881,379,49,50,0,0,44.41,0.1065,0,1,26.6174
1882,306,49,50,0,0,45.89,0.1061,0,1,27.4684
1883,400,21,21,0,0,13.4,0.1056,0,1,26.1792
1884,400,47,47,0,0,39.6,0.1051,0,1,26.4886
1885,400,38,38,0,0,30.6,0.1046,0,1,26.3216
1886,335,49,50,0,0,44.05,0.1042,0,1,26.3272
1887,394,49,50,0,0,43.31,0.1037,0,1,26.3723
1888,400,49,49,0,0,42.65,0.1032,0,1,26.3108
1889,400,36,36,0,0,28.5,0.1027,0,1,25.67
1890,335,49,50,0,0,45.05,0.1023,0,1,26.474
1891,400,25,25,0,0,18.15,0.1018,0,1,25.265
1892,400,35,35,0,0,28.9,0.1013,0,1,25.0562
1893,400,49,49,0,0,42.0,0.1008,0,1,25.4648
1894,400,45,45,0,0,37.5,0.1004,0,1,25.2942
1895,400,46,47,0,0,39.75,0.0999,0,1,25.2303
1896,356,49,50,0,0,45.39,0.0994,0,1,25.1115
1897,400,47,47,0,0,41.15,0.0989,0,1,25.3601
1898,210,49,50,0,0,47.65,0.0985,0,1,26.3323
1899,309,49,50,0,0,44.61,0.098,0,1,26.7058
1900,400,28,28,0,0,19.75,0.0975,0,1,26.5281
1901,400,20,20,0,0,12.0,0.097,0,1,25.6143
1902,356,49,50,0,0,43.79,0.0966,0,1,25.9092
1903,379,49,50,0,0,44.51,0.0961,0,1,26.0199
1904,400,19,19,0,0,12.5,0.0956,0,1,24.7209
1905,400,47,47,0,0,41.25,0.0951,0,1,25.1722
1906,289,49,50,0,0,46.91,0.0947,0,1,26.3077
1907,400,12,12,0,0,4.7,0.0942,0,1,25.0126
1908,322,49,50,0,0,44.83,0.0937,0,1,25.6673
1909,400,45,45,0,0,37.3,0.0932,0,1,26.1001
1910,400,49,49,0,0,41.0,0.0928,0,1,26.7006
1911,358,49,50,0,0,43.47,0.0923,0,1,26.9055
1912,400,38,38,0,0,30.55,0.0918,0,1,26.9737
1913,400,48,49,0,0,41.15,0.0913,0,1,26.9341
1914,400,42,43,0,0,37.25,0.0909,0,1,26.7661
1915,400,38,39,0,0,32.55,0.0904,0,1,26.4643
1916,400,23,23,0,0,15.95,0.0899,0,1,25.5071
1917,341,49,50,0,0,45.59,0.0894,0,1,26.3432
1918,400,22,22,0,0,14.85,0.089,0,1,25.4433
1919,228,49,50,0,0,46.67,0.0885,0,1,26.2777
1920,294,49,50,0,0,46.36,0.088,0,1,26.8754
1921,400,29,29,0,0,19.95,0.0875,0,1,26.0588
1922,400,49,49,0,0,42.1,0.0871,0,1,26.634
1923,239,49,50,0,0,46.21,0.0866,0,1,27.6607
1924,286,49,50,0,0,44.49,0.0861,0,1,28.3153
1925,400,18,18,0,0,9.55,0.0856,0,1,27.1068
1926,400,36,36,0,0,27.75,0.0852,0,1,26.7138
1927,203,49,50,0,0,47.47,0.0847,0,1,27.2403
1928,206,49,50,0,0,46.04,0.0842,0,1,27.8848
1929,400,29,29,0,0,20.95,0.0837,0,1,27.236
1930,400,43,43,0,0,35.35,0.0833,0,1,27.1115
1931,268,49,50,0,0,46.87,0.0828,0,1,27.7562
1932,400,44,44,0,0,36.55,0.0823,0,1,27.3847
1933,400,46,47,0,0,39.45,0.0818,0,1,27.3375
1934,400,17,17,0,0,8.85,0.0814,0,1,26.0023
1935,400,42,42,0,0,34.75,0.0809,0,1,25.9091
1936,400,48,48,0,0,40.65,0.0804,0,1,26.3392
1937,348,49,50,0,0,43.67,0.0799,0,1,26.9068
1938,357,49,50,0,0,44.28,0.0795,0,1,26.9933
1939,400,11,12,0,0,2.4,0.079,0,1,25.206
1940,400,32,32,0,0,25.75,0.0785,0,1,25.2128
1941,400,49,49,0,0,42.2,0.078,0,1,25.2066
1942,371,49,50,0,0,44.69,0.0776,0,1,25.4493
1943,400,19,19,0,0,12.2,0.0771,0,1,24.2545
1944,267,49,50,0,0,46.93,0.0766,0,1,24.7582
1945,400,10,10,0,0,2.5,0.0761,0,1,23.6446
1946,242,49,50,0,0,46.93,0.0757,0,1,24.0984
1947,400,33,33,0,0,25.3,0.0752,0,1,23.9759
1948,232,49,50,0,0,46.63,0.0747,0,1,24.6499
1949,400,11,11,0,0,5.1,0.0742,0,1,23.3326
1950,400,18,18,0,0,9.0,0.0738,0,1,22.4979
1951,400,42,42,0,0,34.55,0.0733,0,1,22.6155
1952,338,49,50,0,0,44.97,0.0728,0,1,23.5345
1953,400,21,21,0,0,12.75,0.0723,0,1,23.0892
1954,400,16,16,0,0,5.55,0.0719,0,1,22.51
1955,400,34,34,0,0,26.05,0.0714,0,1,22.4523
1956,360,49,50,0,0,45.85,0.0709,0,1,23.4677
1957,400,29,29,0,0,21.45,0.0704,0,1,23.0414
1958,335,49,50,0,0,43.3,0.07,0,1,23.5202
1959,284,49,50,0,0,44.01,0.0695,0,1,24.1795
1960,400,15,15,0,0,10.15,0.069,0,1,22.9636
1961,361,49,50,0,0,42.59,0.0685,0,1,23.1704
1962,400,3,3,0,0,-6.25,0.0681,0,1,21.7942
1963,400,20,20,0,0,9.5,0.0676,0,1,21.6914
1964,400,40,40,0,0,32.95,0.0671,0,1,22.049
1965,213,49,50,0,0,47.77,0.0666,0,1,22.8847
1966,400,48,48,0,0,42.8,0.0662,0,1,23.4659
1967,292,49,50,0,0,46.63,0.0657,0,1,24.4612
1968,292,49,50,0,0,45.33,0.0652,0,1,24.9711
1969,400,22,22,0,0,16.9,0.0647,0,1,24.1398
1970,400,2,2,0,0,-7.7,0.0643,0,1,22.5376
1971,333,49,50,0,0,43.87,0.0638,0,1,23.8994
1972,400,34,34,0,0,26.45,0.0633,0,1,23.6393
1973,400,32,32,0,0,25.0,0.0628,0,1,23.0837
1974,266,49,50,0,0,46.99,0.0624,0,1,23.8708
1975,400,20,20,0,0,13.3,0.0619,0,1,23.1326
1976,353,49,50,0,0,43.47,0.0614,0,1,23.4603
1977,306,49,50,0,0,45.99,0.0609,0,1,24.2774
1978,400,19,19,0,0,11.55,0.0605,0,1,23.3698
1979,400,26,26,0,0,21.5,0.06,0,1,22.7957
1980,400,0,0,0,0,-8.35,0.0595,0,1,21.4059
1981,277,49,50,0,0,46.28,0.059,0,1,22.056
1982,400,31,31,0,0,23.1,0.0586,0,1,21.919
1983,400,49,49,0,0,42.5,0.0581,0,1,22.3216
1984,400,39,40,0,0,32.2,0.0576,0,1,22.27
1985,400,47,47,0,0,40.65,0.0571,0,1,22.4897
1986,393,49,50,0,0,42.97,0.0567,0,1,22.8325
1987,400,39,39,0,0,32.65,0.0562,0,1,23.1881
1988,400,13,13,0,0,4.9,0.0557,0,1,22.0787
1989,375,49,50,0,0,44.05,0.0552,0,1,22.3898
1990,289,49,50,0,0,44.16,0.0548,0,1,22.6261
1991,225,49,50,0,0,46.1,0.0543,0,1,23.2245
1992,400,44,44,0,0,37.8,0.0538,0,1,23.2694
1993,400,24,24,0,0,16.55,0.0533,0,1,22.7612
1994,315,49,50,0,0,44.65,0.0529,0,1,23.0746
1995,233,49,50,0,0,45.72,0.0524,0,1,23.5294
1996,222,49,50,0,0,47.63,0.0519,0,1,24.0838
1997,400,6,6,0,0,0.45,0.0514,0,1,22.6806
1998,218,49,50,0,0,46.92,0.051,0,1,23.2975
1999,400,22,22,0,0,13.6,0.0505,0,1,22.4709
2000,400,36,36,0,0,31.6,0.05,0,1,23.009
