episode,steps,score,coins,reward,epsilon,killed_self,survived,states_visited
1,400,18,18,-53.91,0.9995,0,1,15
2,400,15,15,-49.76,0.999,0,1,16
3,400,13,13,-55.11,0.9986,0,1,19
4,400,14,14,-49.46,0.9981,0,1,22
5,400,26,26,-36.01,0.9976,0,1,25
6,400,16,16,-58.11,0.9971,0,1,29
7,400,9,9,-65.16,0.9967,0,1,30
8,400,19,21,-48.76,0.9962,0,1,30
9,400,20,20,-39.76,0.9957,0,1,30
10,400,9,9,-64.16,0.9952,0,1,30
11,400,15,15,-52.36,0.9948,0,1,30
12,400,10,10,-48.36,0.9943,0,1,30
13,400,24,24,-48.26,0.9938,0,1,31
14,400,20,20,-43.81,0.9933,0,1,31
15,400,22,22,-32.31,0.9929,0,1,31
16,400,20,20,-44.11,0.9924,0,1,31
17,400,17,17,-53.66,0.9919,0,1,31
18,400,17,17,-42.61,0.9915,0,1,31
19,400,19,19,-50.11,0.991,0,1,31
20,400,17,17,-51.36,0.9905,0,1,31
21,400,17,17,-40.36,0.99,0,1,31
22,400,12,12,-56.76,0.9896,0,1,31
23,400,14,14,-51.21,0.9891,0,1,31
24,400,19,19,-32.96,0.9886,0,1,31
25,400,15,15,-56.06,0.9881,0,1,31
26,400,12,12,-61.16,0.9877,0,1,31
27,400,15,15,-57.91,0.9872,0,1,31
28,400,28,28,-41.36,0.9867,0,1,31
29,400,10,10,-53.96,0.9862,0,1,31
30,400,19,19,-50.16,0.9858,0,1,31
31,400,15,15,-53.96,0.9853,0,1,31
32,400,19,19,-42.36,0.9848,0,1,31
33,400,24,24,-31.81,0.9843,0,1,31
34,400,18,18,-50.56,0.9839,0,1,31
35,400,18,18,-50.56,0.9834,0,1,31
36,400,19,19,-44.31,0.9829,0,1,31
37,400,15,15,-50.86,0.9824,0,1,31
38,400,16,16,-48.76,0.9819,0,1,31
39,400,21,21,-34.31,0.9815,0,1,31
40,400,22,22,-34.46,0.981,0,1,31
41,400,17,17,-49.01,0.9805,0,1,31
42,400,17,17,-50.61,0.98,0,1,31
43,400,18,20,-47.66,0.9796,0,1,31
44,400,20,20,-42.81,0.9791,0,1,32
45,400,16,16,-51.66,0.9786,0,1,32
46,400,16,16,-52.46,0.9781,0,1,32
47,400,19,19,-38.71,0.9777,0,1,32
48,400,15,15,-51.76,0.9772,0,1,32
49,400,24,24,-31.76,0.9767,0,1,32
50,400,24,24,-40.31,0.9762,0,1,32
51,400,15,15,-46.61,0.9758,0,1,32
52,400,24,24,-43.31,0.9753,0,1,32
53,400,10,10,-54.41,0.9748,0,1,32
54,400,12,12,-49.56,0.9744,0,1,32
55,400,20,20,-35.26,0.9739,0,1,32
56,400,19,19,-51.26,0.9734,0,1,32
57,400,9,9,-59.06,0.9729,0,1,32
58,400,19,19,-47.56,0.9725,0,1,32
59,400,25,27,-37.41,0.972,0,1,32
60,400,14,14,-51.11,0.9715,0,1,32
61,400,21,21,-50.01,0.971,0,1,32
62,400,24,24,-39.66,0.9706,0,1,32
63,400,13,13,-50.51,0.9701,0,1,32
64,400,32,32,-28.46,0.9696,0,1,32
65,400,13,13,-48.26,0.9691,0,1,32
66,400,23,23,-42.06,0.9687,0,1,32
67,400,24,24,-41.61,0.9682,0,1,32
68,400,21,21,-46.26,0.9677,0,1,32
69,400,21,21,-40.91,0.9672,0,1,32
70,400,7,7,-63.21,0.9667,0,1,32
71,400,23,23,-36.41,0.9663,0,1,32
72,400,19,19,-41.81,0.9658,0,1,32
73,400,19,19,-51.06,0.9653,0,1,32
74,400,24,24,-29.96,0.9648,0,1,32
75,400,13,13,-53.71,0.9644,0,1,32
76,400,20,20,-44.01,0.9639,0,1,32
77,400,18,18,-56.16,0.9634,0,1,32
78,400,20,20,-44.31,0.9629,0,1,32
79,400,26,26,-44.41,0.9625,0,1,32
80,400,21,21,-52.76,0.962,0,1,32
81,400,18,18,-53.91,0.9615,0,1,32
82,400,21,21,-42.66,0.961,0,1,32
83,400,18,18,-46.91,0.9606,0,1,32
84,400,14,14,-46.66,0.9601,0,1,32
85,400,16,16,-47.46,0.9596,0,1,32
86,400,17,17,-55.71,0.9591,0,1,32
87,400,15,15,-54.06,0.9587,0,1,32
88,400,22,22,-44.96,0.9582,0,1,32
89,400,25,25,-27.36,0.9577,0,1,32
90,400,17,17,-53.71,0.9573,0,1,32
91,400,29,29,-37.11,0.9568,0,1,32
92,400,23,23,-38.06,0.9563,0,1,32
93,400,21,21,-43.61,0.9558,0,1,32
94,400,9,9,-63.51,0.9554,0,1,32
95,400,21,21,-33.11,0.9549,0,1,32
96,400,22,22,-40.76,0.9544,0,1,32
97,400,18,18,-54.51,0.9539,0,1,32
98,400,24,24,-29.56,0.9535,0,1,32
99,400,26,26,-32.51,0.953,0,1,32
100,400,29,29,-37.51,0.9525,0,1,32
101,400,19,19,-38.61,0.952,0,1,32
102,400,23,23,-34.31,0.9516,0,1,32
103,400,19,19,-49.46,0.9511,0,1,32
104,400,30,30,-31.11,0.9506,0,1,32
105,400,26,26,-28.16,0.9501,0,1,32
106,400,25,25,-30.41,0.9496,0,1,32
107,400,25,25,-35.96,0.9492,0,1,32
108,400,22,22,-36.96,0.9487,0,1,32
109,400,17,17,-50.26,0.9482,0,1,32
110,400,19,19,-52.06,0.9477,0,1,32
111,400,14,14,-53.76,0.9473,0,1,32
112,400,21,21,-41.76,0.9468,0,1,32
113,400,22,22,-38.56,0.9463,0,1,32
114,400,28,28,-28.91,0.9458,0,1,32
115,400,17,17,-45.26,0.9454,0,1,32
116,400,15,15,-51.51,0.9449,0,1,32
117,400,22,22,-42.31,0.9444,0,1,32
118,400,19,19,-43.91,0.9439,0,1,32
119,400,31,33,-28.36,0.9435,0,1,32
120,400,37,37,-28.81,0.943,0,1,32
121,400,23,23,-34.71,0.9425,0,1,32
122,400,13,13,-45.36,0.9421,0,1,32
123,400,14,14,-51.71,0.9416,0,1,32
124,400,20,20,-40.16,0.9411,0,1,32
125,400,26,26,-30.91,0.9406,0,1,32
126,400,28,28,-34.76,0.9402,0,1,32
127,400,24,24,-28.91,0.9397,0,1,32
128,400,18,18,-46.91,0.9392,0,1,32
129,400,23,23,-39.66,0.9387,0,1,32
130,400,19,19,-44.21,0.9383,0,1,32
131,400,22,22,-36.31,0.9378,0,1,32
132,400,26,26,-33.16,0.9373,0,1,32
133,400,26,26,-26.81,0.9368,0,1,32
134,400,15,15,-45.11,0.9364,0,1,32
135,400,16,16,-51.01,0.9359,0,1,32
136,400,15,15,-42.86,0.9354,0,1,32
137,400,22,22,-37.86,0.9349,0,1,32
138,400,28,28,-28.51,0.9345,0,1,32
139,400,17,17,-52.81,0.934,0,1,32
140,400,11,11,-61.46,0.9335,0,1,32
141,400,18,18,-41.86,0.933,0,1,32
142,400,25,25,-37.36,0.9325,0,1,32
143,400,23,23,-31.81,0.9321,0,1,32
144,400,23,23,-39.41,0.9316,0,1,32
145,400,24,24,-37.61,0.9311,0,1,32
146,400,31,31,-24.21,0.9306,0,1,32
147,400,18,18,-36.66,0.9302,0,1,32
148,400,15,15,-52.01,0.9297,0,1,32
149,400,19,19,-39.01,0.9292,0,1,32
150,400,33,33,-23.86,0.9287,0,1,32
151,400,22,22,-43.46,0.9283,0,1,32
152,400,15,15,-51.66,0.9278,0,1,32
153,400,30,30,-36.91,0.9273,0,1,32
154,400,21,21,-36.91,0.9268,0,1,32
155,400,23,23,-38.66,0.9264,0,1,32
156,400,22,22,-40.46,0.9259,0,1,32
157,400,22,22,-38.81,0.9254,0,1,32
158,400,30,30,-25.96,0.925,0,1,32
159,400,26,26,-29.66,0.9245,0,1,32
160,400,22,22,-31.16,0.924,0,1,32
161,400,33,33,-33.66,0.9235,0,1,32
162,400,26,26,-29.01,0.9231,0,1,32
163,400,24,24,-35.31,0.9226,0,1,32
164,400,22,22,-40.06,0.9221,0,1,32
165,400,21,21,-35.71,0.9216,0,1,32
166,400,17,17,-59.61,0.9212,0,1,32
167,400,23,23,-34.26,0.9207,0,1,32
168,400,18,18,-38.46,0.9202,0,1,32
169,400,23,23,-40.31,0.9197,0,1,32
170,400,21,23,-47.31,0.9193,0,1,32
171,400,22,22,-45.81,0.9188,0,1,32
172,400,19,19,-34.86,0.9183,0,1,32
173,400,22,22,-39.06,0.9178,0,1,32
174,400,26,26,-37.26,0.9173,0,1,32
175,400,21,21,-36.81,0.9169,0,1,32
176,400,25,25,-46.51,0.9164,0,1,32
177,400,27,27,-39.16,0.9159,0,1,32
178,400,23,23,-38.46,0.9154,0,1,32
179,400,20,20,-44.46,0.915,0,1,32
180,400,27,27,-32.51,0.9145,0,1,32
181,400,28,28,-27.71,0.914,0,1,32
182,400,26,26,-36.76,0.9135,0,1,32
183,400,15,15,-52.31,0.9131,0,1,32
184,400,26,26,-32.71,0.9126,0,1,32
185,400,19,19,-48.26,0.9121,0,1,32
186,400,26,26,-34.56,0.9116,0,1,32
187,400,17,19,-47.01,0.9112,0,1,32
188,400,21,21,-43.01,0.9107,0,1,32
189,400,15,15,-37.76,0.9102,0,1,32
190,400,36,36,-34.41,0.9098,0,1,32
191,400,25,25,-33.51,0.9093,0,1,32
192,400,20,20,-41.71,0.9088,0,1,32
193,400,36,36,-13.61,0.9083,0,1,32
194,400,18,18,-47.51,0.9079,0,1,32
195,400,27,27,-33.01,0.9074,0,1,32
196,400,25,25,-28.91,0.9069,0,1,32
197,400,22,22,-37.01,0.9064,0,1,32
198,400,37,37,-26.71,0.906,0,1,32
199,400,27,27,-31.61,0.9055,0,1,32
200,400,21,21,-46.71,0.905,0,1,32
201,400,26,26,-37.26,0.9045,0,1,32
202,400,23,23,-39.81,0.9041,0,1,32
203,400,24,24,-33.36,0.9036,0,1,32
204,400,30,32,-31.31,0.9031,0,1,32
205,400,23,23,-36.36,0.9026,0,1,32
206,400,31,31,-33.86,0.9022,0,1,32
207,400,24,24,-29.31,0.9017,0,1,32
208,400,27,27,-29.96,0.9012,0,1,32
209,400,25,25,-38.56,0.9007,0,1,32
210,400,25,27,-28.36,0.9002,0,1,32
211,400,27,27,-29.96,0.8998,0,1,32
212,400,27,27,-28.21,0.8993,0,1,32
213,400,24,24,-38.16,0.8988,0,1,32
214,400,31,31,-25.26,0.8983,0,1,32
215,400,18,18,-53.41,0.8979,0,1,32
216,400,29,29,-30.31,0.8974,0,1,32
217,400,24,24,-32.11,0.8969,0,1,32
218,400,16,16,-54.11,0.8964,0,1,32
219,400,25,25,-29.31,0.896,0,1,32
220,400,28,28,-28.36,0.8955,0,1,32
221,400,31,31,-34.61,0.895,0,1,32
222,400,29,29,-18.66,0.8945,0,1,32
223,400,32,32,-26.66,0.8941,0,1,32
224,400,22,22,-35.61,0.8936,0,1,32
225,400,29,29,-26.86,0.8931,0,1,32
226,400,24,24,-29.26,0.8926,0,1,32
227,400,37,37,-19.41,0.8922,0,1,32
228,400,30,30,-23.81,0.8917,0,1,32
229,400,26,26,-29.96,0.8912,0,1,32
230,400,29,29,-31.46,0.8908,0,1,32
231,400,29,29,-22.36,0.8903,0,1,32
232,400,31,31,-18.91,0.8898,0,1,32
233,400,30,30,-19.11,0.8893,0,1,32
234,400,31,31,-24.56,0.8889,0,1,32
235,400,32,32,-16.31,0.8884,0,1,32
236,400,29,29,-36.11,0.8879,0,1,32
237,400,24,24,-35.91,0.8874,0,1,32
238,400,33,33,-22.46,0.887,0,1,32
239,400,40,40,-18.51,0.8865,0,1,32
240,400,25,25,-32.71,0.886,0,1,32
241,400,9,9,-56.61,0.8855,0,1,32
242,400,22,22,-32.31,0.8851,0,1,32
243,400,35,35,-25.66,0.8846,0,1,32
244,400,32,32,-29.06,0.8841,0,1,32
245,400,21,21,-40.61,0.8836,0,1,32
246,400,28,28,-32.41,0.8831,0,1,32
247,400,34,34,-23.31,0.8827,0,1,32
248,400,14,14,-41.61,0.8822,0,1,32
249,400,21,21,-32.91,0.8817,0,1,32
250,400,31,33,-31.86,0.8812,0,1,32
251,400,27,27,-22.46,0.8808,0,1,32
252,400,29,29,-25.66,0.8803,0,1,32
253,400,28,28,-23.76,0.8798,0,1,32
254,400,24,24,-30.46,0.8793,0,1,32
255,400,30,30,-24.86,0.8789,0,1,32
256,400,16,16,-41.91,0.8784,0,1,32
257,400,27,27,-45.21,0.8779,0,1,32
258,400,24,26,-41.16,0.8775,0,1,32
259,400,28,28,-29.76,0.877,0,1,32
260,400,25,25,-35.31,0.8765,0,1,32
261,400,29,29,-27.71,0.876,0,1,32
262,400,22,22,-43.01,0.8756,0,1,32
263,400,31,31,-25.56,0.8751,0,1,32
264,400,25,25,-24.36,0.8746,0,1,32
265,400,26,26,-23.41,0.8741,0,1,32
266,400,24,24,-29.21,0.8737,0,1,32
267,400,28,28,-40.21,0.8732,0,1,32
268,400,25,25,-36.66,0.8727,0,1,32
269,400,22,22,-39.51,0.8722,0,1,32
270,400,26,26,-36.56,0.8718,0,1,32
271,400,31,31,-20.96,0.8713,0,1,32
272,400,36,36,-14.76,0.8708,0,1,32
273,400,31,31,-29.71,0.8703,0,1,32
274,400,37,37,-11.16,0.8699,0,1,32
275,400,30,30,-29.46,0.8694,0,1,32
276,400,29,29,-10.71,0.8689,0,1,32
277,400,35,35,-21.26,0.8684,0,1,32
278,400,31,31,-18.61,0.8679,0,1,32
279,400,31,31,-28.26,0.8675,0,1,32
280,400,30,30,-24.16,0.867,0,1,32
281,400,30,30,-27.41,0.8665,0,1,32
282,400,26,26,-30.26,0.866,0,1,32
283,400,42,42,-5.41,0.8656,0,1,32
284,400,33,33,-22.96,0.8651,0,1,32
285,400,16,16,-44.71,0.8646,0,1,32
286,400,23,23,-28.86,0.8641,0,1,32
287,400,31,33,-19.41,0.8637,0,1,32
288,400,27,27,-34.11,0.8632,0,1,32
289,400,31,31,-24.46,0.8627,0,1,32
290,400,35,35,-12.26,0.8622,0,1,32
291,400,18,18,-43.36,0.8618,0,1,32
292,400,25,25,-27.71,0.8613,0,1,32
293,400,15,15,-55.76,0.8608,0,1,32
294,400,22,22,-33.11,0.8603,0,1,32
295,400,28,28,-27.41,0.8599,0,1,32
296,400,23,23,-30.51,0.8594,0,1,32
297,400,14,14,-38.81,0.8589,0,1,32
298,400,24,24,-38.11,0.8585,0,1,32
299,400,25,25,-31.96,0.858,0,1,32
300,400,22,22,-30.11,0.8575,0,1,32
301,400,30,30,-18.96,0.857,0,1,32
302,400,34,34,-25.61,0.8566,0,1,32
303,400,31,31,-28.36,0.8561,0,1,32
304,400,32,32,-23.76,0.8556,0,1,32
305,400,26,26,-26.91,0.8551,0,1,32
306,400,36,36,-20.91,0.8547,0,1,32
307,400,28,28,-17.46,0.8542,0,1,32
308,400,25,25,-28.11,0.8537,0,1,32
309,400,23,23,-32.16,0.8532,0,1,32
310,400,27,27,-28.01,0.8528,0,1,32
311,400,35,35,-20.36,0.8523,0,1,32
312,400,27,27,-36.06,0.8518,0,1,32
313,400,32,32,-28.11,0.8513,0,1,32
314,400,29,31,-21.11,0.8508,0,1,32
315,400,31,31,-20.56,0.8504,0,1,32
316,400,39,39,-16.11,0.8499,0,1,32
317,400,24,24,-29.61,0.8494,0,1,32
318,400,28,28,-30.71,0.8489,0,1,32
319,400,29,29,-30.56,0.8485,0,1,32
320,400,30,30,-17.81,0.848,0,1,32
321,400,30,30,-27.31,0.8475,0,1,32
322,400,31,31,-23.41,0.847,0,1,32
323,400,28,28,-22.51,0.8466,0,1,32
324,400,39,39,-12.36,0.8461,0,1,32
325,400,22,22,-38.31,0.8456,0,1,32
326,400,32,32,-25.46,0.8452,0,1,32
327,400,24,24,-29.06,0.8447,0,1,32
328,400,29,29,-22.11,0.8442,0,1,32
329,400,31,31,-26.66,0.8437,0,1,32
330,400,35,35,-11.66,0.8433,0,1,32
331,400,27,27,-30.36,0.8428,0,1,32
332,400,29,29,-26.56,0.8423,0,1,32
333,400,31,31,-23.96,0.8418,0,1,32
334,400,39,39,-17.96,0.8414,0,1,32
335,400,32,32,-12.36,0.8409,0,1,32
336,400,32,32,-19.31,0.8404,0,1,32
337,400,30,30,-32.11,0.8399,0,1,32
338,400,21,23,-34.26,0.8395,0,1,32
339,400,28,28,-28.86,0.839,0,1,32
340,400,34,34,-18.86,0.8385,0,1,32
341,400,30,30,-28.46,0.838,0,1,32
342,400,32,32,-19.01,0.8376,0,1,32
343,400,37,37,-18.21,0.8371,0,1,32
344,400,38,38,-21.56,0.8366,0,1,32
345,400,34,34,-19.66,0.8361,0,1,32
346,400,35,35,-31.16,0.8357,0,1,32
347,400,37,37,-23.91,0.8352,0,1,32
348,400,34,34,-21.26,0.8347,0,1,32
349,400,35,35,-13.46,0.8342,0,1,32
350,400,36,36,-10.21,0.8337,0,1,32
351,400,42,42,-4.66,0.8333,0,1,32
352,400,33,33,-35.46,0.8328,0,1,32
353,400,38,38,-5.91,0.8323,0,1,32
354,400,30,30,-24.96,0.8318,0,1,32
355,400,33,33,-27.51,0.8314,0,1,32
356,400,33,33,-24.36,0.8309,0,1,32
357,400,25,25,-26.96,0.8304,0,1,32
358,400,32,32,-29.11,0.8299,0,1,32
359,400,35,37,-16.66,0.8295,0,1,32
360,400,28,28,-24.81,0.829,0,1,32
361,400,31,31,-22.26,0.8285,0,1,32
362,400,29,29,-18.61,0.828,0,1,32
363,400,38,38,-9.81,0.8276,0,1,32
364,400,40,40,-11.76,0.8271,0,1,32
365,400,35,35,-21.61,0.8266,0,1,32
366,400,41,41,-18.66,0.8262,0,1,32
367,400,46,46,-5.41,0.8257,0,1,32
368,400,33,33,-17.61,0.8252,0,1,32
369,400,34,34,-19.91,0.8247,0,1,32
370,400,39,39,-18.71,0.8243,0,1,32
371,400,29,29,-28.11,0.8238,0,1,32
372,400,38,38,-14.06,0.8233,0,1,32
373,400,35,35,-15.66,0.8228,0,1,32
374,400,32,32,-18.41,0.8224,0,1,32
375,400,27,27,-32.26,0.8219,0,1,32
376,400,36,36,-15.31,0.8214,0,1,32
377,400,37,37,-11.66,0.8209,0,1,32
378,400,34,34,-16.21,0.8205,0,1,32
379,400,41,41,-12.76,0.82,0,1,32
380,400,36,36,-8.61,0.8195,0,1,32
381,400,32,32,-26.51,0.819,0,1,32
382,400,36,36,-9.41,0.8185,0,1,32
383,400,39,39,-16.26,0.8181,0,1,32
384,400,40,40,-9.06,0.8176,0,1,32
385,400,29,29,-29.11,0.8171,0,1,32
386,400,36,36,-15.96,0.8166,0,1,32
387,400,38,38,-11.61,0.8162,0,1,32
388,400,33,33,-11.31,0.8157,0,1,32
389,400,35,35,-11.51,0.8152,0,1,32
390,400,42,42,-18.91,0.8147,0,1,32
391,400,26,26,-23.96,0.8143,0,1,32
392,400,36,36,-11.66,0.8138,0,1,32
393,400,36,36,-21.36,0.8133,0,1,32
394,400,40,40,-6.01,0.8128,0,1,32
395,400,28,28,-24.96,0.8124,0,1,32
396,400,31,33,-19.51,0.8119,0,1,32
397,400,39,39,-19.06,0.8114,0,1,32
398,400,36,36,-12.41,0.811,0,1,32
399,400,45,45,-2.26,0.8105,0,1,32
400,400,37,37,-7.96,0.81,0,1,32
401,400,28,28,-22.36,0.8095,0,1,32
402,400,23,23,-28.56,0.8091,0,1,32
403,400,22,22,-33.21,0.8086,0,1,32
404,400,40,40,-5.71,0.8081,0,1,32
405,400,42,42,-9.76,0.8076,0,1,32
406,400,45,45,-1.01,0.8072,0,1,32
407,400,43,43,-14.06,0.8067,0,1,32
408,400,45,45,1.99,0.8062,0,1,32
409,400,32,34,-16.06,0.8057,0,1,32
410,400,28,28,-26.91,0.8053,0,1,32
411,400,31,31,-19.51,0.8048,0,1,32
412,400,36,36,-16.31,0.8043,0,1,32
413,400,29,29,-19.06,0.8038,0,1,32
414,400,33,35,-8.46,0.8034,0,1,32
415,400,35,35,-21.16,0.8029,0,1,32
416,400,37,39,-9.96,0.8024,0,1,32
417,400,29,29,-24.86,0.8019,0,1,32
418,400,28,28,-22.36,0.8014,0,1,32
419,400,26,26,-23.91,0.801,0,1,32
420,400,32,32,-20.71,0.8005,0,1,32
421,400,27,27,-19.51,0.8,0,1,32
422,400,37,37,-8.96,0.7995,0,1,32
423,400,32,32,-14.51,0.7991,0,1,32
424,400,35,35,-19.26,0.7986,0,1,32
425,400,33,33,-21.81,0.7981,0,1,32
426,400,34,34,-23.06,0.7976,0,1,32
427,400,40,40,-5.51,0.7972,0,1,32
428,400,35,35,-20.51,0.7967,0,1,32
429,400,36,38,-15.01,0.7962,0,1,32
430,400,42,42,-16.61,0.7957,0,1,32
431,400,36,36,-8.51,0.7953,0,1,32
432,400,42,42,-6.46,0.7948,0,1,32
433,400,27,27,-31.21,0.7943,0,1,32
434,400,33,33,-16.71,0.7938,0,1,32
435,400,38,38,-17.56,0.7934,0,1,32
436,400,41,41,-10.06,0.7929,0,1,32
437,400,31,31,-28.36,0.7924,0,1,32
438,400,34,34,-18.71,0.792,0,1,32
439,400,39,39,-17.36,0.7915,0,1,32
440,400,44,44,0.99,0.791,0,1,32
441,400,37,37,-14.66,0.7905,0,1,32
442,400,45,45,-0.76,0.7901,0,1,32
443,400,36,36,-19.31,0.7896,0,1,32
444,400,33,33,-21.86,0.7891,0,1,32
445,400,33,33,-23.46,0.7886,0,1,32
446,400,34,34,-15.41,0.7882,0,1,32
447,400,33,33,-15.46,0.7877,0,1,32
448,400,38,38,-9.11,0.7872,0,1,32
449,400,41,41,-5.76,0.7867,0,1,32
450,400,40,40,-14.41,0.7863,0,1,32
451,400,34,34,-13.06,0.7858,0,1,32
452,400,34,34,-23.31,0.7853,0,1,32
453,400,27,27,-24.76,0.7848,0,1,32
454,400,38,38,-10.36,0.7843,0,1,32
455,400,37,37,-13.46,0.7839,0,1,32
456,400,39,39,-4.66,0.7834,0,1,32
457,400,40,40,-8.26,0.7829,0,1,32
458,400,33,33,-18.71,0.7824,0,1,32
459,400,47,47,-11.46,0.782,0,1,32
460,400,30,30,-16.91,0.7815,0,1,32
461,400,37,37,-22.11,0.781,0,1,32
462,400,43,43,-12.86,0.7805,0,1,32
463,400,37,37,-7.46,0.7801,0,1,32
464,400,19,19,-40.96,0.7796,0,1,32
465,400,28,28,-16.76,0.7791,0,1,32
466,400,29,29,-25.96,0.7787,0,1,32
467,400,33,33,-19.46,0.7782,0,1,32
468,400,38,38,-10.96,0.7777,0,1,32
469,400,39,39,-9.36,0.7772,0,1,32
470,400,38,40,-5.01,0.7768,0,1,32
471,400,45,45,2.29,0.7763,0,1,32
472,400,44,44,0.29,0.7758,0,1,32
473,400,31,31,-14.21,0.7753,0,1,32
474,400,35,35,-7.11,0.7749,0,1,32
475,400,33,33,-13.01,0.7744,0,1,32
476,400,28,28,-19.86,0.7739,0,1,32
477,400,38,38,-19.26,0.7734,0,1,32
478,400,32,32,-20.96,0.773,0,1,32
479,400,30,30,-19.76,0.7725,0,1,32
480,400,31,33,-25.36,0.772,0,1,32
481,400,43,43,-5.61,0.7715,0,1,32
482,400,39,39,-12.51,0.7711,0,1,32
483,400,45,45,-2.21,0.7706,0,1,32
484,400,39,39,-5.91,0.7701,0,1,32
485,400,35,35,-15.86,0.7696,0,1,32
486,400,47,47,-1.26,0.7692,0,1,32
487,400,38,38,-13.36,0.7687,0,1,32
488,400,34,34,-14.31,0.7682,0,1,32
489,400,31,31,-19.61,0.7677,0,1,32
490,400,42,42,-8.41,0.7672,0,1,32
491,400,46,46,0.54,0.7668,0,1,32
492,400,40,40,-15.81,0.7663,0,1,32
493,400,41,41,-6.21,0.7658,0,1,32
494,400,46,46,0.59,0.7653,0,1,32
495,400,35,35,-15.51,0.7649,0,1,32
496,400,35,37,-12.51,0.7644,0,1,32
497,400,45,45,2.24,0.7639,0,1,32
498,400,35,35,-18.46,0.7634,0,1,32
499,400,41,41,-5.81,0.763,0,1,32
500,400,36,36,-8.51,0.7625,0,1,32
501,400,44,44,4.04,0.762,0,1,32
502,400,42,42,-2.26,0.7615,0,1,32
503,400,39,39,-9.76,0.7611,0,1,32
504,400,40,40,-5.76,0.7606,0,1,32
505,400,39,39,-13.86,0.7601,0,1,32
506,400,43,43,-4.51,0.7597,0,1,32
507,400,40,40,-9.86,0.7592,0,1,32
508,400,37,37,-9.91,0.7587,0,1,32
509,400,36,36,-17.71,0.7582,0,1,32
510,400,41,41,-8.56,0.7578,0,1,32
511,400,35,35,-18.51,0.7573,0,1,32
512,400,37,37,-19.01,0.7568,0,1,32
513,400,44,44,7.39,0.7563,0,1,32
514,400,48,48,-1.06,0.7559,0,1,32
515,400,49,49,-0.66,0.7554,0,1,32
516,400,47,47,-2.71,0.7549,0,1,32
517,400,40,40,-5.11,0.7544,0,1,32
518,400,33,33,-13.21,0.754,0,1,32
519,400,46,46,-0.76,0.7535,0,1,32
520,400,42,42,-3.36,0.753,0,1,32
521,400,38,38,-6.81,0.7525,0,1,32
522,400,49,49,10.84,0.752,0,1,32
523,400,35,35,-22.36,0.7516,0,1,32
524,400,39,39,-16.96,0.7511,0,1,32
525,400,44,44,-7.71,0.7506,0,1,32
526,400,49,49,-6.71,0.7501,0,1,32
527,400,41,41,-5.81,0.7497,0,1,32
528,400,45,45,-5.11,0.7492,0,1,32
529,400,43,43,1.39,0.7487,0,1,32
530,400,43,43,-6.26,0.7483,0,1,32
531,400,31,31,-17.81,0.7478,0,1,32
532,400,40,40,-3.06,0.7473,0,1,32
533,400,46,46,0.39,0.7468,0,1,32
534,400,25,25,-25.06,0.7464,0,1,32
535,400,34,34,-10.91,0.7459,0,1,32
536,400,32,32,-15.76,0.7454,0,1,32
537,400,42,42,-4.66,0.7449,0,1,32
538,400,38,38,-9.41,0.7445,0,1,32
539,400,45,45,-0.16,0.744,0,1,32
540,400,39,39,-7.71,0.7435,0,1,32
541,400,35,37,-9.36,0.743,0,1,32
542,400,38,38,-13.91,0.7426,0,1,32
543,400,45,45,-11.26,0.7421,0,1,32
544,400,42,42,-4.71,0.7416,0,1,32
545,400,43,43,-2.26,0.7411,0,1,32
546,400,40,40,-10.51,0.7407,0,1,32
547,400,43,43,-5.41,0.7402,0,1,32
548,400,41,41,-10.71,0.7397,0,1,32
549,400,48,48,4.59,0.7392,0,1,32
550,400,45,45,1.89,0.7388,0,1,32
551,400,34,34,-11.16,0.7383,0,1,32
552,400,43,43,-3.56,0.7378,0,1,32
553,400,41,41,-3.71,0.7373,0,1,32
554,400,41,41,-9.26,0.7369,0,1,32
555,400,46,46,-3.06,0.7364,0,1,32
556,400,45,45,-5.36,0.7359,0,1,32
557,400,48,48,-0.11,0.7354,0,1,32
558,400,45,45,2.59,0.7349,0,1,32
559,327,49,51,8.67,0.7345,0,1,32
560,400,46,46,7.94,0.734,0,1,32
561,400,45,45,-2.11,0.7335,0,1,32
562,400,43,43,-5.16,0.733,0,1,32
563,400,41,41,-7.61,0.7326,0,1,32
564,400,45,45,4.34,0.7321,0,1,32
565,400,46,46,1.54,0.7316,0,1,32
566,390,49,51,16.24,0.7311,0,1,32
567,400,40,40,-2.01,0.7307,0,1,32
568,400,43,43,-6.16,0.7302,0,1,32
569,400,43,43,3.29,0.7297,0,1,32
570,400,41,43,0.09,0.7292,0,1,32
571,400,46,46,6.34,0.7288,0,1,32
572,400,40,40,-6.76,0.7283,0,1,32
573,400,30,30,-19.56,0.7278,0,1,32
574,400,42,42,-5.06,0.7274,0,1,32
575,400,45,45,-5.91,0.7269,0,1,32
576,400,46,46,-6.46,0.7264,0,1,32
577,400,45,45,0.69,0.7259,0,1,32
578,400,47,47,3.24,0.7255,0,1,32
579,400,46,48,-4.51,0.725,0,1,32
580,400,45,45,0.29,0.7245,0,1,32
581,400,44,44,-6.71,0.724,0,1,32
582,400,44,44,-0.56,0.7236,0,1,32
583,400,47,47,7.29,0.7231,0,1,32
584,400,48,48,1.94,0.7226,0,1,32
585,400,38,38,-13.96,0.7221,0,1,32
586,400,47,47,-0.61,0.7217,0,1,32
587,400,41,41,-8.71,0.7212,0,1,32
588,400,48,48,3.74,0.7207,0,1,32
589,400,47,47,0.99,0.7202,0,1,32
590,400,43,43,-5.06,0.7198,0,1,32
591,400,46,46,2.14,0.7193,0,1,32
592,400,38,38,-9.16,0.7188,0,1,32
593,400,46,46,-3.11,0.7183,0,1,32
594,400,48,48,1.54,0.7179,0,1,32
595,400,40,40,-8.46,0.7174,0,1,32
596,400,48,48,1.34,0.7169,0,1,32
597,400,42,42,-1.76,0.7164,0,1,32
598,400,40,40,-6.36,0.716,0,1,32
599,400,34,34,-4.66,0.7155,0,1,32
600,400,46,46,-3.91,0.715,0,1,32
601,400,41,43,-1.36,0.7145,0,1,32
602,400,48,48,-6.01,0.7141,0,1,32
603,400,48,48,2.49,0.7136,0,1,32
604,400,47,47,1.24,0.7131,0,1,32
605,400,49,49,-0.26,0.7126,0,1,32
606,400,39,39,-6.56,0.7122,0,1,32
607,400,42,42,-2.71,0.7117,0,1,32
608,400,48,48,2.44,0.7112,0,1,32
609,400,43,43,-9.61,0.7107,0,1,32
610,400,48,48,7.49,0.7103,0,1,32
611,400,49,49,5.99,0.7098,0,1,32
612,400,48,48,4.04,0.7093,0,1,32
613,400,40,40,-3.86,0.7088,0,1,32
614,400,39,39,-8.96,0.7084,0,1,32
615,400,48,48,-0.81,0.7079,0,1,32
616,400,39,39,-0.86,0.7074,0,1,32
617,386,49,51,14.38,0.7069,0,1,32
618,400,47,47,-5.96,0.7065,0,1,32
619,400,43,43,-5.86,0.706,0,1,32
620,400,48,50,5.14,0.7055,0,1,32
621,400,45,45,-5.51,0.705,0,1,32
622,340,49,51,8.84,0.7046,0,1,32
623,400,36,36,-17.96,0.7041,0,1,32
624,365,49,51,15.34,0.7036,0,1,32
625,400,44,44,-7.76,0.7031,0,1,32
626,400,42,42,-5.86,0.7026,0,1,32
627,400,46,46,5.69,0.7022,0,1,32
628,400,47,47,-7.16,0.7017,0,1,32
629,400,43,43,-6.06,0.7012,0,1,32
630,400,48,48,4.74,0.7007,0,1,32
631,365,49,51,14.49,0.7003,0,1,32
632,400,40,40,0.89,0.6998,0,1,32
633,400,43,45,-3.31,0.6993,0,1,32
634,400,42,42,3.59,0.6988,0,1,32
635,400,49,49,-0.86,0.6984,0,1,32
636,400,47,47,-7.81,0.6979,0,1,32
637,400,46,46,6.04,0.6974,0,1,32
638,322,49,51,16.82,0.6969,0,1,32
639,400,45,45,-4.41,0.6965,0,1,32
640,390,49,51,13.24,0.696,0,1,32
641,400,49,49,8.09,0.6955,0,1,32
642,400,48,48,6.69,0.695,0,1,32
643,320,49,51,19.39,0.6946,0,1,32
644,400,43,43,6.49,0.6941,0,1,32
645,400,32,32,-6.91,0.6936,0,1,32
646,400,44,44,-0.61,0.6931,0,1,32
647,400,49,49,3.54,0.6927,0,1,32
648,400,46,46,4.64,0.6922,0,1,32
649,362,49,51,18.57,0.6917,0,1,32
650,372,49,51,5.57,0.6913,0,1,32
651,372,49,51,8.07,0.6908,0,1,32
652,400,43,43,0.69,0.6903,0,1,32
653,400,49,49,2.59,0.6898,0,1,32
654,400,45,45,2.74,0.6894,0,1,32
655,400,49,49,5.99,0.6889,0,1,32
656,350,49,51,17.84,0.6884,0,1,32
657,391,49,51,6.73,0.6879,0,1,32
658,400,48,48,2.79,0.6875,0,1,32
659,375,49,51,7.59,0.687,0,1,32
660,400,47,47,1.54,0.6865,0,1,32
661,357,49,51,7.02,0.686,0,1,32
662,383,49,51,5.06,0.6855,0,1,32
663,400,48,48,1.64,0.6851,0,1,32
664,400,42,42,-0.16,0.6846,0,1,32
665,400,41,41,-2.01,0.6841,0,1,32
666,400,45,45,0.14,0.6836,0,1,32
667,400,47,47,3.84,0.6832,0,1,32
668,400,49,49,12.54,0.6827,0,1,32
669,400,39,39,-4.11,0.6822,0,1,32
670,400,40,40,-2.71,0.6818,0,1,32
671,381,49,51,17.03,0.6813,0,1,32
672,400,49,49,8.69,0.6808,0,1,32
673,400,43,43,2.14,0.6803,0,1,32
674,400,43,43,-12.06,0.6799,0,1,32
675,400,49,49,4.44,0.6794,0,1,32
676,400,49,49,-0.71,0.6789,0,1,32
677,400,49,49,-0.36,0.6784,0,1,32
678,391,49,51,9.43,0.678,0,1,32
679,400,46,46,-1.36,0.6775,0,1,32
680,400,49,49,5.09,0.677,0,1,32
681,400,47,47,3.64,0.6765,0,1,32
682,400,49,49,0.24,0.6761,0,1,32
683,400,42,44,-4.26,0.6756,0,1,32
684,400,41,41,-3.46,0.6751,0,1,32
685,367,49,51,12.67,0.6746,0,1,32
686,400,48,48,10.09,0.6742,0,1,32
687,400,39,39,-3.16,0.6737,0,1,32
688,400,30,30,-22.06,0.6732,0,1,32
689,400,46,46,3.99,0.6727,0,1,32
690,400,48,48,1.49,0.6723,0,1,32
691,400,49,49,8.64,0.6718,0,1,32
692,387,49,51,13.17,0.6713,0,1,32
693,400,43,43,-3.26,0.6708,0,1,32
694,400,49,49,11.09,0.6704,0,1,32
695,400,48,48,2.09,0.6699,0,1,32
696,400,49,49,-0.81,0.6694,0,1,32
697,397,49,51,8.82,0.6689,0,1,32
698,348,49,51,12.46,0.6684,0,1,32
699,400,49,49,5.44,0.668,0,1,32
700,400,37,37,-10.91,0.6675,0,1,32
701,400,30,30,-17.61,0.667,0,1,32
702,400,39,39,0.24,0.6665,0,1,32
703,400,42,42,-2.21,0.6661,0,1,32
704,314,49,51,20.95,0.6656,0,1,32
705,400,48,48,10.64,0.6651,0,1,32
706,400,43,43,4.94,0.6646,0,1,32
707,400,49,49,8.29,0.6642,0,1,32
708,400,47,47,-2.56,0.6637,0,1,32
709,381,49,51,13.63,0.6632,0,1,32
710,384,49,51,7.35,0.6627,0,1,32
711,400,48,48,6.69,0.6623,0,1,32
712,394,49,51,8.1,0.6618,0,1,32
713,370,49,51,10.34,0.6613,0,1,32
714,362,49,51,3.97,0.6609,0,1,32
715,400,48,48,7.19,0.6604,0,1,32
716,337,49,51,15.97,0.6599,0,1,32
717,327,49,51,19.37,0.6594,0,1,32
718,400,49,49,8.29,0.659,0,1,32
719,400,40,40,4.64,0.6585,0,1,32
720,386,49,51,15.83,0.658,0,1,32
721,400,47,47,-0.91,0.6575,0,1,32
722,383,49,51,10.71,0.6571,0,1,32
723,379,49,51,13.45,0.6566,0,1,32
724,308,49,51,17.86,0.6561,0,1,32
725,400,48,50,11.34,0.6556,0,1,32
726,328,49,51,13.01,0.6552,0,1,32
727,400,44,46,2.34,0.6547,0,1,32
728,347,49,51,16.92,0.6542,0,1,32
729,398,49,51,15.41,0.6537,0,1,32
730,400,47,49,2.29,0.6532,0,1,32
731,399,49,51,12.4,0.6528,0,1,32
732,391,49,51,14.08,0.6523,0,1,32
733,400,47,47,11.64,0.6518,0,1,32
734,377,49,51,12.92,0.6514,0,1,32
735,392,49,51,10.07,0.6509,0,1,32
736,354,49,51,13.35,0.6504,0,1,32
737,400,44,44,0.14,0.6499,0,1,32
738,396,49,51,10.53,0.6495,0,1,32
739,400,47,47,5.64,0.649,0,1,32
740,400,44,44,-2.46,0.6485,0,1,32
741,333,49,51,23.46,0.648,0,1,32
742,343,49,51,17.81,0.6476,0,1,32
743,400,47,47,5.84,0.6471,0,1,32
744,360,49,51,14.99,0.6466,0,1,32
745,400,48,50,12.44,0.6461,0,1,32
746,400,47,47,2.29,0.6457,0,1,32
747,400,47,47,11.04,0.6452,0,1,32
748,365,49,51,13.19,0.6447,0,1,32
749,397,49,51,10.77,0.6442,0,1,32
750,400,49,49,12.09,0.6438,0,1,32
751,400,32,32,-4.31,0.6433,0,1,32
752,400,39,39,-6.16,0.6428,0,1,32
753,346,49,51,14.98,0.6423,0,1,32
754,293,49,51,27.46,0.6419,0,1,32
755,379,49,51,11.65,0.6414,0,1,32
756,400,45,45,3.54,0.6409,0,1,32
757,374,49,51,17.75,0.6404,0,1,32
758,274,49,51,29.3,0.64,0,1,32
759,395,49,51,8.19,0.6395,0,1,32
760,354,49,51,14.05,0.639,0,1,32
761,364,49,51,16.6,0.6385,0,1,32
762,400,43,43,9.94,0.6381,0,1,32
763,397,49,51,12.47,0.6376,0,1,32
764,400,49,49,9.44,0.6371,0,1,32
765,400,49,49,6.04,0.6366,0,1,32
766,335,49,51,16.89,0.6361,0,1,32
767,400,48,48,5.14,0.6357,0,1,32
768,400,49,49,10.74,0.6352,0,1,32
769,388,49,51,14.96,0.6347,0,1,32
770,337,49,51,23.37,0.6342,0,1,32
771,400,36,36,-4.81,0.6338,0,1,32
772,367,49,51,22.12,0.6333,0,1,32
773,354,49,51,13.4,0.6328,0,1,32
774,400,45,45,4.04,0.6323,0,1,32
775,348,49,51,17.06,0.6319,0,1,32
776,400,49,49,13.79,0.6314,0,1,32
777,400,49,49,3.44,0.6309,0,1,32
778,383,49,51,15.46,0.6304,0,1,32
779,398,49,51,10.26,0.63,0,1,32
780,346,49,51,19.43,0.6295,0,1,32
781,318,49,51,19.91,0.629,0,1,32
782,364,49,51,14.0,0.6285,0,1,32
783,342,49,51,12.87,0.6281,0,1,32
784,335,49,51,22.04,0.6276,0,1,32
785,385,49,51,14.59,0.6271,0,1,32
786,400,49,49,1.54,0.6266,0,1,32
787,353,49,51,16.06,0.6262,0,1,32
788,400,48,48,5.59,0.6257,0,1,32
789,399,49,51,12.3,0.6252,0,1,32
790,321,49,51,25.48,0.6248,0,1,32
791,328,49,51,19.01,0.6243,0,1,32
792,400,39,39,0.44,0.6238,0,1,32
793,400,29,29,-14.06,0.6233,0,1,32
794,400,27,27,-20.71,0.6229,0,1,32
795,400,29,29,-16.31,0.6224,0,1,32
796,400,36,36,-8.21,0.6219,0,1,32
797,394,49,51,9.6,0.6214,0,1,32
798,373,49,51,13.91,0.621,0,1,32
799,362,49,51,18.02,0.6205,0,1,32
800,349,49,51,8.05,0.62,0,1,32
801,334,49,51,14.5,0.6195,0,1,32
802,293,49,51,25.11,0.619,0,1,32
803,358,49,51,9.71,0.6186,0,1,32
804,374,49,51,11.5,0.6181,0,1,32
805,348,49,51,18.91,0.6176,0,1,32
806,397,49,51,6.27,0.6171,0,1,32
807,391,49,51,11.48,0.6167,0,1,32
808,349,49,51,21.05,0.6162,0,1,32
809,400,44,44,5.59,0.6157,0,1,32
810,343,49,51,19.31,0.6153,0,1,32
811,356,49,51,13.08,0.6148,0,1,32
812,362,49,51,16.87,0.6143,0,1,32
813,400,49,49,14.89,0.6138,0,1,32
814,357,49,51,13.97,0.6134,0,1,32
815,355,49,51,16.44,0.6129,0,1,32
816,303,49,51,26.11,0.6124,0,1,32
817,370,49,51,18.84,0.6119,0,1,32
818,319,49,51,21.05,0.6115,0,1,32
819,298,49,51,18.21,0.611,0,1,32
820,360,49,51,23.39,0.6105,0,1,32
821,317,49,51,20.27,0.61,0,1,32
822,350,49,51,14.49,0.6096,0,1,32
823,367,49,51,12.57,0.6091,0,1,32
824,365,49,51,11.89,0.6086,0,1,32
825,283,49,51,27.51,0.6081,0,1,32
826,400,48,48,8.44,0.6077,0,1,32
827,400,47,47,16.59,0.6072,0,1,32
828,333,49,51,15.61,0.6067,0,1,32
829,328,49,51,19.46,0.6062,0,1,32
830,303,49,51,25.06,0.6058,0,1,32
831,360,49,51,13.09,0.6053,0,1,32
832,346,49,51,13.63,0.6048,0,1,32
833,333,49,51,22.76,0.6043,0,1,32
834,400,49,49,8.19,0.6038,0,1,32
835,300,49,51,23.29,0.6034,0,1,32
836,372,49,51,7.62,0.6029,0,1,32
837,292,49,51,26.77,0.6024,0,1,32
838,295,49,51,26.09,0.6019,0,1,32
839,298,49,51,26.86,0.6015,0,1,32
840,400,46,46,6.29,0.601,0,1,32
841,400,49,49,15.34,0.6005,0,1,32
842,375,49,51,16.94,0.6,0,1,32
843,353,49,51,16.16,0.5996,0,1,32
844,347,49,51,23.37,0.5991,0,1,32
845,400,49,49,8.94,0.5986,0,1,32
846,382,49,51,18.37,0.5981,0,1,32
847,398,49,51,11.66,0.5977,0,1,32
848,340,49,51,12.29,0.5972,0,1,32
849,322,49,51,18.47,0.5967,0,1,32
850,400,49,49,8.99,0.5962,0,1,32
851,292,49,51,24.37,0.5958,0,1,32
852,315,49,51,18.64,0.5953,0,1,32
853,390,49,51,17.19,0.5948,0,1,32
854,287,49,51,23.57,0.5944,0,1,32
855,344,49,51,15.9,0.5939,0,1,32
856,333,49,51,21.91,0.5934,0,1,32
857,300,49,51,22.64,0.5929,0,1,32
858,326,49,51,20.53,0.5925,0,1,32
859,396,49,51,8.18,0.592,0,1,32
860,333,49,51,16.76,0.5915,0,1,32
861,332,49,51,20.17,0.591,0,1,32
862,283,49,51,28.51,0.5906,0,1,32
863,254,49,51,29.9,0.5901,0,1,32
864,357,49,51,1.12,0.5896,0,1,32
865,255,49,51,30.79,0.5891,0,1,32
866,354,49,51,16.35,0.5887,0,1,32
867,300,49,51,21.89,0.5882,0,1,32
868,271,49,51,26.83,0.5877,0,1,32
869,400,20,20,-21.06,0.5872,0,1,32
870,400,23,23,-18.11,0.5867,0,1,32
871,400,46,46,2.64,0.5863,0,1,32
872,400,49,49,6.79,0.5858,0,1,32
873,400,49,49,10.04,0.5853,0,1,32
874,400,30,30,-16.36,0.5849,0,1,32
875,400,27,27,-15.36,0.5844,0,1,32
876,400,44,44,4.64,0.5839,0,1,32
877,376,49,51,10.43,0.5834,0,1,32
878,351,49,51,23.03,0.583,0,1,32
879,400,48,48,8.84,0.5825,0,1,32
880,382,49,51,20.72,0.582,0,1,32
881,400,48,48,14.94,0.5815,0,1,32
882,400,47,47,14.14,0.5811,0,1,32
883,356,49,51,17.83,0.5806,0,1,32
884,400,36,36,1.69,0.5801,0,1,32
885,317,49,51,22.02,0.5796,0,1,32
886,358,49,51,16.31,0.5792,0,1,32
887,303,49,51,19.81,0.5787,0,1,32
888,303,49,51,25.36,0.5782,0,1,32
889,400,47,47,7.24,0.5777,0,1,32
890,334,49,51,20.65,0.5773,0,1,32
891,294,49,51,23.2,0.5768,0,1,32
892,378,49,51,11.41,0.5763,0,1,32
893,310,49,51,22.64,0.5758,0,1,32
894,361,49,51,18.58,0.5754,0,1,32
895,336,49,51,25.38,0.5749,0,1,32
896,293,49,51,25.01,0.5744,0,1,32
897,329,49,51,25.85,0.5739,0,1,32
898,313,49,51,23.16,0.5735,0,1,32
899,311,49,51,24.23,0.573,0,1,32
900,400,47,47,7.79,0.5725,0,1,32
901,323,49,51,24.61,0.572,0,1,32
902,389,49,51,16.2,0.5716,0,1,32
903,365,49,51,19.04,0.5711,0,1,32
904,400,48,48,15.19,0.5706,0,1,32
905,290,49,51,28.84,0.5701,0,1,32
906,294,49,51,24.85,0.5696,0,1,32
907,303,49,51,27.61,0.5692,0,1,32
908,260,49,51,25.09,0.5687,0,1,32
909,305,49,51,24.54,0.5682,0,1,32
910,292,49,51,19.07,0.5677,0,1,32
911,299,49,51,27.1,0.5673,0,1,32
912,334,49,51,15.95,0.5668,0,1,32
913,241,49,51,31.08,0.5663,0,1,32
914,301,49,51,22.78,0.5658,0,1,32
915,262,49,51,26.22,0.5654,0,1,32
916,295,49,51,30.59,0.5649,0,1,32
917,235,49,51,30.94,0.5644,0,1,32
918,293,49,51,25.96,0.5639,0,1,32
919,369,49,51,20.0,0.5635,0,1,32
920,314,49,51,26.0,0.563,0,1,32
921,341,49,51,25.73,0.5625,0,1,32
922,290,49,51,21.69,0.562,0,1,32
923,309,49,51,26.8,0.5616,0,1,32
924,300,49,51,18.89,0.5611,0,1,32
925,321,49,51,28.43,0.5606,0,1,32
926,313,49,51,25.91,0.5601,0,1,32
927,229,49,51,33.8,0.5597,0,1,32
928,332,49,51,17.02,0.5592,0,1,32
929,296,49,51,21.03,0.5587,0,1,32
930,343,49,51,26.81,0.5583,0,1,32
931,354,49,51,20.1,0.5578,0,1,32
932,400,47,47,9.59,0.5573,0,1,32
933,309,49,51,21.6,0.5568,0,1,32
934,268,49,51,33.31,0.5564,0,1,32
935,321,49,51,17.63,0.5559,0,1,32
936,290,49,51,24.64,0.5554,0,1,32
937,327,49,51,20.12,0.5549,0,1,32
938,400,49,49,4.49,0.5545,0,1,32
939,378,49,51,7.36,0.554,0,1,32
940,299,49,51,26.05,0.5535,0,1,32
941,272,49,51,26.47,0.553,0,1,32
942,400,37,37,3.94,0.5526,0,1,32
943,400,48,48,15.89,0.5521,0,1,32
944,291,49,51,29.48,0.5516,0,1,32
945,325,49,51,20.99,0.5511,0,1,32
946,251,49,51,23.93,0.5507,0,1,32
947,313,49,51,24.61,0.5502,0,1,32
948,325,49,51,22.44,0.5497,0,1,32
949,349,49,51,19.95,0.5492,0,1,32
950,255,49,51,29.54,0.5488,0,1,32
951,339,49,51,23.9,0.5483,0,1,32
952,305,49,51,21.14,0.5478,0,1,32
953,292,49,51,27.07,0.5473,0,1,32
954,248,49,51,32.56,0.5469,0,1,32
955,400,49,49,11.84,0.5464,0,1,32
956,282,49,51,26.72,0.5459,0,1,32
957,280,49,51,29.84,0.5454,0,1,32
958,300,49,51,26.69,0.545,0,1,32
959,285,49,51,25.49,0.5445,0,1,32
960,321,49,51,24.98,0.544,0,1,32
961,303,49,51,26.56,0.5435,0,1,32
962,281,49,51,27.68,0.5431,0,1,32
963,230,49,51,33.94,0.5426,0,1,32
964,275,49,51,30.14,0.5421,0,1,32
965,270,49,51,27.39,0.5416,0,1,32
966,308,49,51,25.36,0.5412,0,1,32
967,329,49,51,16.3,0.5407,0,1,32
968,255,49,51,26.74,0.5402,0,1,32
969,283,49,51,28.71,0.5397,0,1,32
970,320,49,51,25.44,0.5393,0,1,32
971,232,49,51,29.27,0.5388,0,1,32
972,257,49,51,27.32,0.5383,0,1,32
973,280,49,51,28.39,0.5378,0,1,32
974,278,49,51,27.96,0.5373,0,1,32
975,226,49,51,30.13,0.5369,0,1,32
976,255,49,51,23.59,0.5364,0,1,32
977,285,49,51,32.09,0.5359,0,1,32
978,290,49,51,26.44,0.5354,0,1,32
979,270,49,51,29.14,0.535,0,1,32
980,302,49,51,21.72,0.5345,0,1,32
981,307,49,51,26.62,0.534,0,1,32
982,400,48,50,17.89,0.5335,0,1,32
983,268,49,51,31.81,0.5331,0,1,32
984,388,49,51,18.46,0.5326,0,1,32
985,287,49,51,33.12,0.5321,0,1,32
986,273,49,51,30.76,0.5316,0,1,32
987,267,49,51,26.07,0.5312,0,1,32
988,282,49,51,24.52,0.5307,0,1,32
989,286,49,51,27.23,0.5302,0,1,32
990,307,49,51,23.32,0.5297,0,1,32
991,301,49,51,26.83,0.5293,0,1,32
992,263,49,51,30.61,0.5288,0,1,32
993,307,49,51,25.07,0.5283,0,1,32
994,281,49,51,23.63,0.5279,0,1,32
995,345,49,51,25.74,0.5274,0,1,32
996,341,49,51,23.38,0.5269,0,1,32
997,269,49,51,26.55,0.5264,0,1,32
998,293,49,51,30.26,0.526,0,1,32
999,253,49,51,29.96,0.5255,0,1,32
1000,238,49,51,31.31,0.525,0,1,32
1001,237,49,51,33.52,0.5245,0,1,32
1002,287,49,51,23.47,0.5241,0,1,32
1003,208,49,51,36.41,0.5236,0,1,32
1004,238,49,51,35.36,0.5231,0,1,32
1005,242,49,51,35.27,0.5226,0,1,32
1006,383,49,51,14.41,0.5222,0,1,32
1007,346,49,51,23.48,0.5217,0,1,32
1008,267,49,51,27.97,0.5212,0,1,32
1009,279,49,51,24.25,0.5207,0,1,32
1010,290,49,51,27.94,0.5203,0,1,32
1011,281,49,51,29.08,0.5198,0,1,32
1012,230,49,51,35.99,0.5193,0,1,32
1013,260,49,51,28.74,0.5188,0,1,32
1014,280,49,51,30.04,0.5184,0,1,32
1015,315,49,51,20.29,0.5179,0,1,32
1016,244,49,51,28.5,0.5174,0,1,32
1017,215,49,51,32.69,0.5169,0,1,32
1018,252,49,51,25.12,0.5165,0,1,32
1019,270,49,51,34.94,0.516,0,1,32
1020,285,49,51,27.04,0.5155,0,1,32
1021,268,49,51,25.31,0.515,0,1,32
1022,252,49,51,31.17,0.5146,0,1,32
1023,282,49,51,28.02,0.5141,0,1,32
1024,302,49,51,25.57,0.5136,0,1,32
1025,281,49,51,24.88,0.5131,0,1,32
1026,257,49,51,29.27,0.5127,0,1,32
1027,304,49,51,26.2,0.5122,0,1,32
1028,334,49,51,17.0,0.5117,0,1,32
1029,284,49,51,29.7,0.5112,0,1,32
1030,260,49,51,32.89,0.5108,0,1,32
1031,252,49,51,30.92,0.5103,0,1,32
1032,307,49,51,24.97,0.5098,0,1,32
1033,271,49,51,33.48,0.5093,0,1,32
1034,343,49,51,20.86,0.5089,0,1,32
1035,270,49,51,26.29,0.5084,0,1,32
1036,219,49,51,36.0,0.5079,0,1,32
1037,236,49,51,38.48,0.5074,0,1,32
1038,279,49,51,28.05,0.507,0,1,32
1039,307,49,51,26.12,0.5065,0,1,32
1040,291,49,51,28.68,0.506,0,1,32
1041,255,49,51,31.84,0.5055,0,1,32
1042,313,49,51,17.21,0.505,0,1,32
1043,296,49,51,32.83,0.5046,0,1,32
1044,321,49,51,24.78,0.5041,0,1,32
1045,274,49,51,26.9,0.5036,0,1,32
1046,327,49,51,23.27,0.5031,0,1,32
1047,400,48,50,11.99,0.5027,0,1,32
1048,400,49,49,14.04,0.5022,0,1,32
1049,259,49,51,28.2,0.5017,0,1,32
1050,247,49,51,30.87,0.5012,0,1,32
1051,247,49,51,36.17,0.5008,0,1,32
1052,274,49,51,35.2,0.5003,0,1,32
1053,258,49,51,34.41,0.4998,0,1,32
1054,213,49,51,31.46,0.4993,0,1,32
1055,331,49,51,19.23,0.4989,0,1,32
1056,267,49,51,29.37,0.4984,0,1,32
1057,346,49,51,24.38,0.4979,0,1,32
1058,399,49,51,11.9,0.4974,0,1,32
1059,267,49,51,23.12,0.497,0,1,32
1060,293,49,51,26.01,0.4965,0,1,32
1061,268,49,51,32.61,0.496,0,1,32
1062,258,49,51,30.81,0.4956,0,1,32
1063,245,49,51,29.04,0.4951,0,1,32
1064,259,49,51,33.45,0.4946,0,1,32
1065,400,31,31,2.69,0.4941,0,1,32
1066,328,49,51,26.96,0.4937,0,1,32
1067,300,49,51,30.49,0.4932,0,1,32
1068,244,49,51,30.35,0.4927,0,1,32
1069,260,49,51,31.74,0.4922,0,1,32
1070,288,49,51,28.76,0.4918,0,1,32
1071,299,49,51,27.4,0.4913,0,1,32
1072,283,49,51,26.36,0.4908,0,1,32
1073,279,49,51,27.4,0.4903,0,1,32
1074,211,49,51,32.58,0.4899,0,1,32
1075,215,49,51,35.99,0.4894,0,1,32
1076,217,49,51,33.72,0.4889,0,1,32
1077,245,49,51,29.89,0.4884,0,1,32
1078,233,49,51,31.36,0.4879,0,1,32
1079,241,49,51,29.98,0.4875,0,1,32
1080,258,49,51,32.16,0.487,0,1,32
1081,273,49,51,28.76,0.4865,0,1,32
1082,257,49,51,30.17,0.486,0,1,32
1083,386,49,51,12.18,0.4856,0,1,32
1084,258,49,51,29.11,0.4851,0,1,32
1085,253,49,51,24.06,0.4846,0,1,32
1086,257,49,51,27.12,0.4841,0,1,32
1087,305,49,51,23.59,0.4837,0,1,32
1088,222,49,51,33.27,0.4832,0,1,32
1089,202,49,51,36.57,0.4827,0,1,32
1090,270,49,51,31.89,0.4822,0,1,32
1091,248,49,51,31.96,0.4818,0,1,32
1092,244,49,51,40.1,0.4813,0,1,32
1093,245,49,51,31.84,0.4808,0,1,32
1094,271,49,51,28.93,0.4803,0,1,32
1095,270,49,51,33.49,0.4799,0,1,32
1096,234,49,51,40.1,0.4794,0,1,32
1097,291,49,51,32.68,0.4789,0,1,32
1098,234,49,51,33.35,0.4784,0,1,32
1099,258,49,51,35.81,0.478,0,1,32
1100,213,49,51,34.31,0.4775,0,1,32
1101,263,49,51,31.46,0.477,0,1,32
1102,281,49,51,24.88,0.4766,0,1,32
1103,199,49,51,38.75,0.4761,0,1,32
1104,245,49,51,37.74,0.4756,0,1,32
1105,253,49,51,34.01,0.4751,0,1,32
1106,248,49,51,28.76,0.4747,0,1,32
1107,222,49,51,37.27,0.4742,0,1,32
1108,238,49,51,30.26,0.4737,0,1,32
1109,243,49,51,32.46,0.4732,0,1,32
1110,260,49,51,33.19,0.4728,0,1,32
1111,400,48,48,15.14,0.4723,0,1,32
1112,334,49,51,25.15,0.4718,0,1,32
1113,311,49,51,26.13,0.4713,0,1,32
1114,258,49,51,31.06,0.4708,0,1,32
1115,217,49,51,31.12,0.4704,0,1,32
1116,270,49,51,32.29,0.4699,0,1,32
1117,262,49,51,32.62,0.4694,0,1,32
1118,242,49,51,35.27,0.4689,0,1,32
1119,289,49,51,28.25,0.4685,0,1,32
1120,276,49,51,28.63,0.468,0,1,32
1121,227,49,51,35.62,0.4675,0,1,32
1122,221,49,51,38.18,0.467,0,1,32
1123,237,49,51,33.17,0.4666,0,1,32
1124,210,49,51,39.59,0.4661,0,1,32
1125,281,49,51,22.68,0.4656,0,1,32
1126,227,49,51,34.07,0.4652,0,1,32
1127,225,49,51,31.89,0.4647,0,1,32
1128,385,49,51,23.94,0.4642,0,1,32
1129,241,49,51,32.38,0.4637,0,1,32
1130,313,49,51,32.01,0.4633,0,1,32
1131,292,49,51,26.52,0.4628,0,1,32
1132,260,49,51,32.84,0.4623,0,1,32
1133,315,49,51,27.24,0.4618,0,1,32
1134,230,49,51,32.49,0.4614,0,1,32
1135,270,49,51,30.49,0.4609,0,1,32
1136,306,49,51,27.78,0.4604,0,1,32
1137,212,49,51,36.77,0.4599,0,1,32
1138,227,49,51,32.52,0.4595,0,1,32
1139,212,49,51,39.02,0.459,0,1,32
1140,210,49,51,34.59,0.4585,0,1,32
1141,224,49,51,33.7,0.458,0,1,32
1142,214,49,51,28.85,0.4576,0,1,32
1143,231,49,51,31.63,0.4571,0,1,32
1144,265,49,51,34.09,0.4566,0,1,32
1145,254,49,51,29.0,0.4561,0,1,32
1146,250,49,51,33.99,0.4557,0,1,32
1147,237,49,51,33.12,0.4552,0,1,32
1148,210,49,51,35.84,0.4547,0,1,32
1149,289,49,51,25.35,0.4542,0,1,32
1150,247,49,51,30.97,0.4538,0,1,32
1151,240,49,51,32.09,0.4533,0,1,32
1152,234,49,51,32.25,0.4528,0,1,32
1153,244,49,51,33.25,0.4523,0,1,32
1154,235,49,51,35.19,0.4519,0,1,32
1155,256,49,51,26.23,0.4514,0,1,32
1156,249,49,51,37.2,0.4509,0,1,32
1157,221,49,51,30.03,0.4504,0,1,32
1158,192,49,51,36.62,0.45,0,1,32
1159,223,49,51,37.96,0.4495,0,1,32
1160,265,49,51,29.69,0.449,0,1,32
1161,225,49,51,32.34,0.4485,0,1,32
1162,306,49,51,24.23,0.4481,0,1,32
1163,276,49,51,30.13,0.4476,0,1,32
1164,400,47,47,23.34,0.4471,0,1,32
1165,400,28,28,-2.71,0.4466,0,1,32
1166,397,49,51,18.12,0.4462,0,1,32
1167,272,49,51,31.87,0.4457,0,1,32
1168,325,49,51,26.09,0.4452,0,1,32
1169,244,49,51,35.4,0.4447,0,1,32
1170,272,49,51,30.57,0.4443,0,1,32
1171,240,49,51,30.34,0.4438,0,1,32
1172,217,49,51,36.92,0.4433,0,1,32
1173,252,49,51,35.97,0.4428,0,1,32
1174,400,49,49,16.24,0.4424,0,1,32
1175,271,49,51,32.68,0.4419,0,1,32
1176,262,49,51,36.02,0.4414,0,1,32
1177,198,49,51,34.71,0.4409,0,1,32
1178,225,49,51,32.49,0.4405,0,1,32
1179,400,47,47,14.84,0.44,0,1,32
1180,290,49,51,28.19,0.4395,0,1,32
1181,248,49,51,33.81,0.439,0,1,32
1182,229,49,51,36.2,0.4386,0,1,32
1183,204,49,51,37.75,0.4381,0,1,32
1184,209,49,51,39.35,0.4376,0,1,32
1185,248,49,51,31.86,0.4371,0,1,32
1186,243,49,51,33.96,0.4367,0,1,32
1187,212,49,51,33.22,0.4362,0,1,32
1188,226,49,51,34.88,0.4357,0,1,32
1189,272,49,51,32.77,0.4352,0,1,32
1190,245,49,51,35.24,0.4348,0,1,32
1191,400,49,49,25.59,0.4343,0,1,32
1192,326,49,51,25.88,0.4338,0,1,32
1193,282,49,51,32.27,0.4333,0,1,32
1194,227,49,51,34.07,0.4329,0,1,32
1195,239,49,51,34.5,0.4324,0,1,32
1196,257,49,51,30.97,0.4319,0,1,32
1197,210,49,51,37.74,0.4314,0,1,32
1198,199,49,51,37.3,0.431,0,1,32
1199,194,49,51,37.15,0.4305,0,1,32
1200,194,49,51,41.85,0.43,0,1,32
1201,222,49,51,34.67,0.4295,0,1,32
1202,199,49,51,36.55,0.4291,0,1,32
1203,195,49,51,40.29,0.4286,0,1,32
1204,243,49,51,37.66,0.4281,0,1,32
1205,244,49,51,30.6,0.4276,0,1,32
1206,229,49,51,35.8,0.4272,0,1,32
1207,238,49,51,35.56,0.4267,0,1,32
1208,256,49,51,36.28,0.4262,0,1,32
1209,218,49,51,29.21,0.4257,0,1,32
1210,255,49,51,34.19,0.4253,0,1,32
1211,241,49,51,35.28,0.4248,0,1,32
1212,232,49,51,34.62,0.4243,0,1,32
1213,236,49,51,34.78,0.4238,0,1,32
1214,222,49,51,33.37,0.4234,0,1,32
1215,206,49,51,37.58,0.4229,0,1,32
1216,202,49,51,39.02,0.4224,0,1,32
1217,206,49,51,32.43,0.4219,0,1,32
1218,201,49,51,36.73,0.4214,0,1,32
1219,228,49,51,33.46,0.421,0,1,32
1220,214,49,51,35.45,0.4205,0,1,32
1221,255,49,51,31.29,0.42,0,1,32
1222,275,49,51,30.89,0.4196,0,1,32
1223,198,49,51,38.81,0.4191,0,1,32
1224,209,49,51,40.4,0.4186,0,1,32
1225,400,25,25,-0.71,0.4181,0,1,32
1226,400,47,47,21.44,0.4177,0,1,32
1227,339,49,51,28.55,0.4172,0,1,32
1228,238,49,51,32.51,0.4167,0,1,32
1229,276,49,51,27.43,0.4162,0,1,32
1230,236,49,51,33.33,0.4158,0,1,32
1231,222,49,51,36.47,0.4153,0,1,32
1232,199,49,51,38.7,0.4148,0,1,32
1233,323,49,51,28.46,0.4143,0,1,32
1234,288,49,51,27.41,0.4139,0,1,32
1235,204,49,51,36.2,0.4134,0,1,32
1236,228,49,51,34.16,0.4129,0,1,32
1237,199,49,51,39.45,0.4124,0,1,32
1238,273,49,51,28.51,0.412,0,1,32
1239,208,49,51,37.36,0.4115,0,1,32
1240,244,49,51,33.1,0.411,0,1,32
1241,232,49,51,37.92,0.4105,0,1,32
1242,227,49,51,35.82,0.4101,0,1,32
1243,235,49,51,37.99,0.4096,0,1,32
1244,225,49,51,37.24,0.4091,0,1,32
1245,215,49,51,37.49,0.4086,0,1,32
1246,229,49,51,32.95,0.4082,0,1,32
1247,217,49,51,36.72,0.4077,0,1,32
1248,208,49,51,39.66,0.4072,0,1,32
1249,184,49,51,40.3,0.4067,0,1,32
1250,201,49,51,35.63,0.4062,0,1,32
1251,213,49,51,35.76,0.4058,0,1,32
1252,204,49,51,39.25,0.4053,0,1,32
1253,192,49,51,40.57,0.4048,0,1,32
1254,268,49,51,34.36,0.4043,0,1,32
1255,281,49,51,27.18,0.4039,0,1,32
1256,219,49,51,35.9,0.4034,0,1,32
1257,205,49,51,37.89,0.4029,0,1,32
1258,208,49,51,37.71,0.4024,0,1,32
1259,180,49,51,40.99,0.402,0,1,32
1260,221,49,51,38.33,0.4015,0,1,32
1261,199,49,51,38.75,0.401,0,1,32
1262,400,49,49,12.79,0.4006,0,1,32
1263,400,15,15,-12.36,0.4001,0,1,32
1264,400,49,49,21.49,0.3996,0,1,32
1265,251,49,51,35.98,0.3991,0,1,32
1266,224,49,51,36.9,0.3987,0,1,32
1267,217,49,51,37.27,0.3982,0,1,32
1268,230,49,51,34.49,0.3977,0,1,32
1269,207,49,51,37.82,0.3972,0,1,32
1270,252,49,51,34.27,0.3968,0,1,32
1271,208,49,51,36.86,0.3963,0,1,32
1272,222,49,51,35.62,0.3958,0,1,32
1273,228,49,51,36.26,0.3953,0,1,32
1274,184,49,51,40.0,0.3949,0,1,32
1275,201,49,51,36.83,0.3944,0,1,32
1276,246,49,51,39.23,0.3939,0,1,32
1277,210,49,51,33.59,0.3934,0,1,32
1278,240,49,51,35.99,0.393,0,1,32
1279,211,49,51,36.18,0.3925,0,1,32
1280,400,49,49,29.49,0.392,0,1,32
1281,400,46,46,23.39,0.3915,0,1,32
1282,400,34,34,9.09,0.3911,0,1,32
1283,400,46,46,20.69,0.3906,0,1,32
1284,266,49,51,34.83,0.3901,0,1,32
1285,214,49,51,37.9,0.3896,0,1,32
1286,243,49,51,35.36,0.3891,0,1,32
1287,249,49,51,35.7,0.3887,0,1,32
1288,276,49,51,30.18,0.3882,0,1,32
1289,247,49,51,37.92,0.3877,0,1,32
1290,225,49,51,35.04,0.3872,0,1,32
1291,209,49,51,35.55,0.3868,0,1,32
1292,344,49,51,28.45,0.3863,0,1,32
1293,295,49,51,33.14,0.3858,0,1,32
1294,192,49,51,43.22,0.3853,0,1,32
1295,253,49,51,33.76,0.3849,0,1,32
1296,206,49,51,35.23,0.3844,0,1,32
1297,213,49,51,40.41,0.3839,0,1,32
1298,227,49,51,32.72,0.3834,0,1,32
1299,227,49,51,36.47,0.383,0,1,32
1300,207,49,51,37.32,0.3825,0,1,32
1301,252,49,51,36.12,0.382,0,1,32
1302,191,49,51,40.68,0.3816,0,1,32
1303,182,49,51,42.22,0.3811,0,1,32
1304,210,49,51,37.29,0.3806,0,1,32
1305,198,49,51,40.16,0.3801,0,1,32
1306,193,49,51,39.46,0.3797,0,1,32
1307,223,49,51,41.06,0.3792,0,1,32
1308,255,49,51,38.39,0.3787,0,1,32
1309,200,49,51,32.64,0.3782,0,1,32
1310,169,49,51,41.15,0.3778,0,1,32
1311,225,49,51,33.39,0.3773,0,1,32
1312,214,49,51,37.2,0.3768,0,1,32
1313,219,49,51,40.35,0.3763,0,1,32
1314,190,49,51,39.74,0.3759,0,1,32
1315,219,49,51,38.8,0.3754,0,1,32
1316,187,49,51,42.57,0.3749,0,1,32
1317,219,49,51,37.05,0.3744,0,1,32
1318,188,49,51,44.86,0.374,0,1,32
1319,228,49,51,34.81,0.3735,0,1,32
1320,197,49,51,37.47,0.373,0,1,32
1321,212,49,51,40.77,0.3725,0,1,32
1322,212,49,51,37.77,0.372,0,1,32
1323,188,49,51,34.96,0.3716,0,1,32
1324,205,49,51,37.54,0.3711,0,1,32
1325,218,49,51,40.36,0.3706,0,1,32
1326,236,49,51,36.68,0.3701,0,1,32
1327,206,49,51,37.13,0.3697,0,1,32
1328,195,49,51,40.29,0.3692,0,1,32
1329,212,49,51,37.22,0.3687,0,1,32
1330,224,49,51,39.6,0.3682,0,1,32
1331,223,49,51,38.56,0.3678,0,1,32
1332,267,49,51,31.42,0.3673,0,1,32
1333,221,49,51,39.68,0.3668,0,1,32
1334,213,49,51,36.51,0.3663,0,1,32
1335,193,49,51,42.96,0.3659,0,1,32
1336,203,49,51,40.26,0.3654,0,1,32
1337,186,49,51,41.48,0.3649,0,1,32
1338,204,49,51,38.3,0.3644,0,1,32
1339,194,49,51,40.4,0.364,0,1,32
1340,213,49,51,41.36,0.3635,0,1,32
1341,206,49,51,39.98,0.363,0,1,32
1342,243,49,51,34.01,0.3626,0,1,32
1343,196,49,51,38.48,0.3621,0,1,32
1344,184,49,51,43.25,0.3616,0,1,32
1345,183,49,51,39.11,0.3611,0,1,32
1346,230,49,51,35.34,0.3607,0,1,32
1347,167,49,51,44.17,0.3602,0,1,32
1348,166,49,51,41.18,0.3597,0,1,32
1349,198,49,51,35.06,0.3592,0,1,32
1350,207,49,51,41.67,0.3588,0,1,32
1351,183,49,51,42.41,0.3583,0,1,32
1352,184,49,51,39.5,0.3578,0,1,32
1353,230,49,51,36.44,0.3573,0,1,32
1354,214,49,51,40.0,0.3569,0,1,32
1355,236,49,51,36.08,0.3564,0,1,32
1356,211,49,51,36.53,0.3559,0,1,32
1357,219,49,51,37.9,0.3554,0,1,32
1358,199,49,51,37.95,0.3549,0,1,32
1359,186,49,51,42.03,0.3545,0,1,32
1360,211,49,51,38.23,0.354,0,1,32
1361,200,49,51,40.79,0.3535,0,1,32
1362,233,49,51,33.66,0.353,0,1,32
1363,189,49,51,39.8,0.3526,0,1,32
1364,202,49,51,37.42,0.3521,0,1,32
1365,215,49,51,37.39,0.3516,0,1,32
1366,216,49,51,36.38,0.3511,0,1,32
1367,193,49,51,42.51,0.3507,0,1,32
1368,212,49,51,37.22,0.3502,0,1,32
1369,178,49,51,40.71,0.3497,0,1,32
1370,199,49,51,41.2,0.3492,0,1,32
1371,242,49,51,35.62,0.3488,0,1,32
1372,206,49,51,36.63,0.3483,0,1,32
1373,177,49,51,41.52,0.3478,0,1,32
1374,197,49,51,37.82,0.3473,0,1,32
1375,182,49,51,41.12,0.3469,0,1,32
1376,171,49,51,46.13,0.3464,0,1,32
1377,210,49,51,38.14,0.3459,0,1,32
1378,212,49,51,38.07,0.3455,0,1,32
1379,175,49,51,43.09,0.345,0,1,32
1380,189,49,51,41.4,0.3445,0,1,32
1381,367,49,51,29.67,0.344,0,1,32
1382,400,46,46,23.09,0.3436,0,1,32
1383,400,29,29,3.79,0.3431,0,1,32
1384,229,49,51,39.4,0.3426,0,1,32
1385,205,49,51,41.24,0.3421,0,1,32
1386,287,49,51,35.37,0.3417,0,1,32
1387,216,49,51,39.83,0.3412,0,1,32
1388,260,49,51,30.94,0.3407,0,1,32
1389,231,49,51,37.23,0.3402,0,1,32
1390,207,49,51,39.87,0.3398,0,1,32
1391,217,49,51,39.37,0.3393,0,1,32
1392,229,49,51,34.5,0.3388,0,1,32
1393,189,49,51,40.45,0.3383,0,1,32
1394,210,49,51,37.74,0.3379,0,1,32
1395,199,49,51,40.5,0.3374,0,1,32
1396,189,49,51,38.15,0.3369,0,1,32
1397,199,49,51,38.55,0.3364,0,1,32
1398,223,49,51,37.61,0.336,0,1,32
1399,196,49,51,37.33,0.3355,0,1,32
1400,201,49,51,36.53,0.335,0,1,32
1401,220,49,51,39.94,0.3345,0,1,32
1402,164,49,51,40.75,0.3341,0,1,32
1403,236,49,51,35.18,0.3336,0,1,32
1404,185,49,51,41.44,0.3331,0,1,32
1405,192,49,51,39.72,0.3326,0,1,32
1406,186,49,51,42.13,0.3322,0,1,32
1407,183,49,51,40.56,0.3317,0,1,32
1408,221,49,51,36.18,0.3312,0,1,32
1409,178,49,51,38.21,0.3307,0,1,32
1410,192,49,51,39.22,0.3303,0,1,32
1411,174,49,51,44.85,0.3298,0,1,32
1412,190,49,51,37.84,0.3293,0,1,32
1413,183,49,51,37.51,0.3288,0,1,32
1414,196,49,51,39.68,0.3284,0,1,32
1415,202,49,51,40.72,0.3279,0,1,32
1416,186,49,51,38.28,0.3274,0,1,32
1417,185,49,51,38.99,0.3269,0,1,32
1418,200,49,51,40.89,0.3265,0,1,32
1419,163,49,51,42.86,0.326,0,1,32
1420,191,49,51,40.58,0.3255,0,1,32
1421,189,49,51,42.15,0.325,0,1,32
1422,204,49,51,40.85,0.3246,0,1,32
1423,185,49,51,40.59,0.3241,0,1,32
1424,190,49,51,38.89,0.3236,0,1,32
1425,189,49,51,40.7,0.3231,0,1,32
1426,164,49,51,43.15,0.3227,0,1,32
1427,210,49,51,37.79,0.3222,0,1,32
1428,185,49,51,41.74,0.3217,0,1,32
1429,164,49,51,44.35,0.3212,0,1,32
1430,176,49,51,40.83,0.3208,0,1,32
1431,151,49,51,41.48,0.3203,0,1,32
1432,192,49,51,39.97,0.3198,0,1,32
1433,222,49,51,38.97,0.3193,0,1,32
1434,171,49,51,40.13,0.3189,0,1,32
1435,197,49,51,40.77,0.3184,0,1,32
1436,174,49,51,40.4,0.3179,0,1,32
1437,194,49,51,41.7,0.3174,0,1,32
1438,267,49,51,33.87,0.317,0,1,32
1439,258,49,51,35.71,0.3165,0,1,32
1440,224,49,51,38.45,0.316,0,1,32
1441,400,28,28,7.69,0.3155,0,1,32
1442,400,47,47,23.64,0.3151,0,1,32
1443,273,49,51,37.91,0.3146,0,1,32
1444,301,49,51,30.43,0.3141,0,1,32
1445,215,49,51,41.24,0.3136,0,1,32
1446,180,49,51,40.94,0.3132,0,1,32
1447,186,49,51,37.93,0.3127,0,1,32
1448,161,49,51,43.33,0.3122,0,1,32
1449,180,49,51,44.74,0.3117,0,1,32
1450,176,49,51,43.88,0.3113,0,1,32
1451,166,49,51,42.78,0.3108,0,1,32
1452,219,49,51,37.45,0.3103,0,1,32
1453,169,49,51,42.8,0.3098,0,1,32
1454,193,49,51,40.06,0.3094,0,1,32
1455,165,49,51,43.24,0.3089,0,1,32
1456,188,49,51,42.61,0.3084,0,1,32
1457,192,49,51,40.52,0.3079,0,1,32
1458,200,49,51,39.69,0.3075,0,1,32
1459,177,49,51,41.82,0.307,0,1,32
1460,171,49,51,45.98,0.3065,0,1,32
1461,173,49,51,42.61,0.306,0,1,32
1462,182,49,51,40.07,0.3056,0,1,32
1463,196,49,51,41.78,0.3051,0,1,32
1464,208,49,51,37.06,0.3046,0,1,32
1465,182,49,51,44.07,0.3041,0,1,32
1466,203,49,51,43.26,0.3037,0,1,32
1467,210,49,51,38.24,0.3032,0,1,32
1468,173,49,51,45.76,0.3027,0,1,32
1469,188,49,51,44.01,0.3022,0,1,32
1470,177,49,51,42.17,0.3018,0,1,32
1471,149,49,51,42.95,0.3013,0,1,32
1472,162,49,51,44.02,0.3008,0,1,32
1473,179,49,51,41.5,0.3003,0,1,32
1474,177,49,51,42.27,0.2999,0,1,32
1475,173,49,51,39.66,0.2994,0,1,32
1476,172,49,51,44.07,0.2989,0,1,32
1477,195,49,51,42.54,0.2984,0,1,32
1478,187,49,51,35.62,0.298,0,1,32
1479,183,49,51,36.41,0.2975,0,1,32
1480,174,49,51,44.35,0.297,0,1,32
1481,181,49,51,41.58,0.2965,0,1,32
1482,176,49,51,45.23,0.2961,0,1,32
1483,194,49,51,40.45,0.2956,0,1,32
1484,173,49,51,37.91,0.2951,0,1,32
1485,192,49,51,39.82,0.2946,0,1,32
1486,174,49,51,41.75,0.2942,0,1,32
1487,217,49,51,39.47,0.2937,0,1,32
1488,193,49,51,40.26,0.2932,0,1,32
1489,173,49,51,40.76,0.2927,0,1,32
1490,205,49,51,41.79,0.2923,0,1,32
1491,195,49,51,42.34,0.2918,0,1,32
1492,155,49,51,47.14,0.2913,0,1,32
1493,228,49,51,41.86,0.2908,0,1,32
1494,147,49,51,45.77,0.2903,0,1,32
1495,162,49,51,39.82,0.2899,0,1,32
1496,149,49,51,45.2,0.2894,0,1,32
1497,164,49,51,42.45,0.2889,0,1,32
1498,167,49,51,42.72,0.2884,0,1,32
1499,196,49,51,42.93,0.288,0,1,32
1500,194,49,51,44.3,0.2875,0,1,32
1501,192,49,51,42.02,0.287,0,1,32
1502,204,49,51,38.95,0.2866,0,1,32
1503,174,49,51,41.9,0.2861,0,1,32
1504,171,49,51,39.38,0.2856,0,1,32
1505,195,49,51,43.69,0.2851,0,1,32
1506,171,49,51,42.78,0.2847,0,1,32
1507,156,49,51,44.43,0.2842,0,1,32
1508,151,49,51,43.98,0.2837,0,1,32
1509,206,49,51,39.53,0.2832,0,1,32
1510,204,49,51,43.1,0.2828,0,1,32
1511,142,49,51,45.87,0.2823,0,1,32
1512,183,49,51,39.21,0.2818,0,1,32
1513,160,49,51,42.49,0.2813,0,1,32
1514,186,49,51,42.68,0.2809,0,1,32
1515,182,49,51,44.07,0.2804,0,1,32
1516,163,49,51,41.41,0.2799,0,1,32
1517,177,49,51,42.72,0.2794,0,1,32
1518,178,49,51,41.26,0.279,0,1,32
1519,185,49,51,41.44,0.2785,0,1,32
1520,184,49,51,44.5,0.278,0,1,32
1521,185,49,51,42.74,0.2775,0,1,32
1522,149,49,51,46.15,0.2771,0,1,32
1523,174,49,51,44.4,0.2766,0,1,32
1524,177,49,51,39.17,0.2761,0,1,32
1525,186,49,51,43.03,0.2756,0,1,32
1526,219,49,51,39.4,0.2752,0,1,32
1527,213,49,51,38.96,0.2747,0,1,32
1528,198,49,51,40.21,0.2742,0,1,32
1529,186,49,51,42.43,0.2737,0,1,32
1530,164,49,51,44.2,0.2732,0,1,32
1531,178,49,51,43.56,0.2728,0,1,32
1532,160,49,51,42.59,0.2723,0,1,32
1533,152,49,51,41.67,0.2718,0,1,32
1534,190,49,51,38.74,0.2713,0,1,32
1535,214,49,51,39.2,0.2709,0,1,32
1536,156,49,51,44.03,0.2704,0,1,32
1537,172,49,51,42.37,0.2699,0,1,32
1538,156,49,51,46.18,0.2694,0,1,32
1539,167,49,51,42.17,0.269,0,1,32
1540,159,49,51,44.1,0.2685,0,1,32
1541,193,49,51,43.11,0.268,0,1,32
1542,183,49,51,43.21,0.2676,0,1,32
1543,150,49,51,42.69,0.2671,0,1,32
1544,195,49,51,43.54,0.2666,0,1,32
1545,156,49,51,42.08,0.2661,0,1,32
1546,193,49,51,37.86,0.2657,0,1,32
1547,156,49,51,47.13,0.2652,0,1,32
1548,150,49,51,44.94,0.2647,0,1,32
1549,169,49,51,46.45,0.2642,0,1,32
1550,190,49,51,40.09,0.2638,0,1,32
1551,159,49,51,41.75,0.2633,0,1,32
1552,180,49,51,42.24,0.2628,0,1,32
1553,165,49,51,43.54,0.2623,0,1,32
1554,197,49,51,37.02,0.2619,0,1,32
1555,158,49,51,43.21,0.2614,0,1,32
1556,191,49,51,42.28,0.2609,0,1,32
1557,187,49,51,42.12,0.2604,0,1,32
1558,182,49,51,43.17,0.26,0,1,32
1559,213,49,51,37.26,0.2595,0,1,32
1560,158,49,51,44.41,0.259,0,1,32
1561,214,49,51,41.85,0.2585,0,1,32
1562,203,49,51,41.21,0.2581,0,1,32
1563,200,49,51,40.59,0.2576,0,1,32
1564,400,48,48,33.39,0.2571,0,1,32
1565,400,11,11,-17.26,0.2566,0,1,32
1566,400,44,44,21.74,0.2561,0,1,32
1567,400,49,49,33.84,0.2557,0,1,32
1568,316,49,51,34.68,0.2552,0,1,32
1569,204,49,51,40.0,0.2547,0,1,32
1570,217,49,51,40.12,0.2542,0,1,32
1571,183,49,51,45.11,0.2538,0,1,32
1572,196,49,51,42.38,0.2533,0,1,32
1573,184,49,51,42.1,0.2528,0,1,32
1574,163,49,51,41.61,0.2523,0,1,32
1575,180,49,51,44.09,0.2519,0,1,32
1576,264,49,51,38.8,0.2514,0,1,32
1577,192,49,51,40.27,0.2509,0,1,32
1578,172,49,51,46.27,0.2504,0,1,32
1579,226,49,51,44.38,0.25,0,1,32
1580,163,49,51,43.11,0.2495,0,1,32
1581,153,49,51,46.96,0.249,0,1,32
1582,170,49,51,42.29,0.2486,0,1,32
1583,188,49,51,43.21,0.2481,0,1,32
1584,157,49,51,44.62,0.2476,0,1,32
1585,184,49,51,42.15,0.2471,0,1,32
1586,166,49,51,43.03,0.2467,0,1,32
1587,193,49,51,39.46,0.2462,0,1,32
1588,367,49,51,37.07,0.2457,0,1,32
1589,400,36,36,19.14,0.2452,0,1,32
1590,301,49,51,37.73,0.2448,0,1,32
1591,144,49,51,41.85,0.2443,0,1,32
1592,133,49,51,45.41,0.2438,0,1,32
1593,193,49,51,44.56,0.2433,0,1,32
1594,185,49,51,42.69,0.2429,0,1,32
1595,167,49,51,46.37,0.2424,0,1,32
1596,216,49,51,41.98,0.2419,0,1,32
1597,181,49,51,43.68,0.2414,0,1,32
1598,190,49,51,41.54,0.2409,0,1,32
1599,174,49,51,45.6,0.2405,0,1,32
1600,167,49,51,43.62,0.24,0,1,32
1601,151,49,51,46.28,0.2395,0,1,32
1602,177,49,51,42.62,0.239,0,1,32
1603,170,49,51,43.39,0.2386,0,1,32
1604,154,49,51,44.75,0.2381,0,1,32
1605,157,49,51,46.67,0.2376,0,1,32
1606,176,49,51,42.43,0.2371,0,1,32
1607,194,49,51,43.4,0.2367,0,1,32
1608,179,49,51,44.3,0.2362,0,1,32
1609,166,49,51,44.43,0.2357,0,1,32
1610,159,49,51,43.45,0.2352,0,1,32
1611,149,49,51,45.3,0.2348,0,1,32
1612,144,49,51,45.1,0.2343,0,1,32
1613,174,49,51,43.0,0.2338,0,1,32
1614,171,49,51,42.88,0.2333,0,1,32
1615,166,49,51,43.48,0.2329,0,1,32
1616,160,49,51,44.44,0.2324,0,1,32
1617,167,49,51,45.67,0.2319,0,1,32
1618,132,49,51,46.77,0.2314,0,1,32
1619,156,49,51,44.43,0.231,0,1,32
1620,160,49,51,44.49,0.2305,0,1,32
1621,142,49,51,45.12,0.23,0,1,32
1622,158,49,51,44.01,0.2296,0,1,32
1623,164,49,51,42.55,0.2291,0,1,32
1624,195,49,51,43.19,0.2286,0,1,32
1625,141,49,51,46.83,0.2281,0,1,32
1626,153,49,51,44.16,0.2277,0,1,32
1627,185,49,51,41.74,0.2272,0,1,32
1628,193,49,51,39.51,0.2267,0,1,32
1629,186,49,51,41.38,0.2262,0,1,32
1630,179,49,51,44.95,0.2258,0,1,32
1631,172,49,51,45.47,0.2253,0,1,32
1632,144,49,51,45.55,0.2248,0,1,32
1633,140,49,51,44.19,0.2243,0,1,32
1634,175,49,51,45.34,0.2239,0,1,32
1635,185,49,51,43.99,0.2234,0,1,32
1636,180,49,51,45.04,0.2229,0,1,32
1637,159,49,51,46.45,0.2224,0,1,32
1638,174,49,51,43.8,0.222,0,1,32
1639,176,49,51,41.68,0.2215,0,1,32
1640,166,49,51,43.58,0.221,0,1,32
1641,172,49,51,45.27,0.2205,0,1,32
1642,157,49,51,44.52,0.2201,0,1,32
1643,170,49,51,41.74,0.2196,0,1,32
1644,153,49,51,45.61,0.2191,0,1,32
1645,154,49,51,46.65,0.2186,0,1,32
1646,179,49,51,45.7,0.2182,0,1,32
1647,139,49,51,47.3,0.2177,0,1,32
1648,173,49,51,42.46,0.2172,0,1,32
1649,181,49,51,42.38,0.2167,0,1,32
1650,174,49,51,44.85,0.2163,0,1,32
1651,200,49,51,45.09,0.2158,0,1,32
1652,154,49,51,47.55,0.2153,0,1,32
1653,150,49,51,45.14,0.2148,0,1,32
1654,159,49,51,45.8,0.2144,0,1,32
1655,137,49,51,47.22,0.2139,0,1,32
1656,166,49,51,45.63,0.2134,0,1,32
1657,169,49,51,43.25,0.2129,0,1,32
1658,173,49,51,45.46,0.2125,0,1,32
1659,164,49,51,45.3,0.212,0,1,32
1660,188,49,51,43.11,0.2115,0,1,32
1661,178,49,51,41.01,0.211,0,1,32
1662,163,49,51,47.41,0.2106,0,1,32
1663,146,49,51,45.48,0.2101,0,1,32
1664,150,49,51,46.29,0.2096,0,1,32
1665,157,49,51,45.62,0.2091,0,1,32
1666,168,49,51,43.51,0.2087,0,1,32
1667,149,49,51,46.3,0.2082,0,1,32
1668,155,49,51,44.59,0.2077,0,1,32
1669,157,49,51,46.07,0.2072,0,1,32
1670,156,49,51,46.53,0.2068,0,1,32
1671,174,49,51,41.8,0.2063,0,1,32
1672,158,49,51,46.66,0.2058,0,1,32
1673,169,49,51,41.8,0.2053,0,1,32
1674,146,49,51,45.18,0.2049,0,1,32
1675,169,49,51,46.4,0.2044,0,1,32
1676,164,49,51,44.4,0.2039,0,1,32
1677,154,49,51,48.15,0.2034,0,1,32
1678,147,49,51,46.82,0.203,0,1,32
1679,182,49,51,42.87,0.2025,0,1,32
1680,144,49,51,46.8,0.202,0,1,32
1681,152,49,51,44.67,0.2015,0,1,32
1682,155,49,51,46.24,0.2011,0,1,32
1683,189,49,51,43.65,0.2006,0,1,32
1684,157,49,51,44.77,0.2001,0,1,32
1685,170,49,51,43.29,0.1996,0,1,32
1686,155,49,51,43.99,0.1992,0,1,32
1687,167,49,51,42.57,0.1987,0,1,32
1688,168,49,51,44.46,0.1982,0,1,32
1689,187,49,51,44.52,0.1977,0,1,32
1690,168,49,51,44.96,0.1973,0,1,32
1691,272,49,51,41.07,0.1968,0,1,32
1692,169,49,51,46.8,0.1963,0,1,32
1693,144,49,51,45.85,0.1958,0,1,32
1694,181,49,51,45.88,0.1954,0,1,32
1695,189,49,51,45.65,0.1949,0,1,32
1696,207,49,51,44.07,0.1944,0,1,32
1697,193,49,51,41.71,0.1939,0,1,32
1698,177,49,51,43.82,0.1935,0,1,32
1699,159,49,51,43.5,0.193,0,1,32
1700,133,49,51,46.91,0.1925,0,1,32
1701,159,49,51,44.65,0.192,0,1,32
1702,158,49,51,46.36,0.1916,0,1,32
1703,174,49,51,41.9,0.1911,0,1,32
1704,163,49,51,45.96,0.1906,0,1,32
1705,140,49,51,46.84,0.1901,0,1,32
1706,161,49,51,44.18,0.1897,0,1,32
1707,168,49,51,46.56,0.1892,0,1,32
1708,160,49,51,47.04,0.1887,0,1,32
1709,175,49,51,44.34,0.1882,0,1,32
1710,157,49,51,47.12,0.1878,0,1,32
1711,149,49,51,46.2,0.1873,0,1,32
1712,159,49,51,46.45,0.1868,0,1,32
1713,157,49,51,45.12,0.1863,0,1,32
1714,199,49,51,43.55,0.1859,0,1,32
1715,157,49,51,44.62,0.1854,0,1,32
1716,165,49,51,42.59,0.1849,0,1,32
1717,147,49,51,46.77,0.1844,0,1,32
1718,141,49,51,45.73,0.184,0,1,32
1719,152,49,51,46.12,0.1835,0,1,32
1720,152,49,51,45.12,0.183,0,1,32
1721,147,49,51,47.82,0.1825,0,1,32
1722,130,49,51,46.79,0.1821,0,1,32
1723,135,49,51,48.29,0.1816,0,1,32
1724,165,49,51,45.49,0.1811,0,1,32
1725,186,49,51,43.68,0.1806,0,1,32
1726,160,49,51,45.19,0.1802,0,1,32
1727,163,49,51,42.11,0.1797,0,1,32
1728,211,49,51,43.98,0.1792,0,1,32
1729,167,49,51,45.57,0.1787,0,1,32
1730,166,49,51,45.43,0.1783,0,1,32
1731,150,49,51,44.84,0.1778,0,1,32
1732,156,49,51,43.23,0.1773,0,1,32
1733,151,49,51,46.23,0.1768,0,1,32
1734,153,49,51,45.96,0.1764,0,1,32
1735,145,49,51,45.34,0.1759,0,1,32
1736,149,49,51,45.7,0.1754,0,1,32
1737,136,49,51,46.93,0.1749,0,1,32
1738,162,49,51,45.12,0.1744,0,1,32
1739,140,49,51,47.34,0.174,0,1,32
1740,155,49,51,46.54,0.1735,0,1,32
1741,172,49,51,44.02,0.173,0,1,32
1742,166,49,51,47.13,0.1726,0,1,32
1743,182,49,51,45.37,0.1721,0,1,32
1744,154,49,51,44.3,0.1716,0,1,32
1745,145,49,51,44.34,0.1711,0,1,32
1746,144,49,51,44.4,0.1707,0,1,32
1747,152,49,51,44.77,0.1702,0,1,32
1748,152,49,51,44.47,0.1697,0,1,32
1749,160,49,51,47.69,0.1692,0,1,32
1750,141,49,51,45.18,0.1688,0,1,32
1751,138,49,51,48.86,0.1683,0,1,32
1752,144,49,51,48.25,0.1678,0,1,32
1753,163,49,51,42.96,0.1673,0,1,32
1754,144,49,51,46.8,0.1669,0,1,32
1755,153,49,51,45.16,0.1664,0,1,32
1756,133,49,51,48.46,0.1659,0,1,32
1757,150,49,51,46.79,0.1654,0,1,32
1758,144,49,51,45.2,0.165,0,1,32
1759,145,49,51,45.74,0.1645,0,1,32
1760,152,49,51,45.67,0.164,0,1,32
1761,159,49,51,47.65,0.1635,0,1,32
1762,147,49,51,47.82,0.1631,0,1,32
1763,143,49,51,45.01,0.1626,0,1,32
1764,163,49,51,46.41,0.1621,0,1,32
1765,151,49,51,45.83,0.1616,0,1,32
1766,143,49,51,47.91,0.1612,0,1,32
1767,129,49,51,46.6,0.1607,0,1,32
1768,143,49,51,44.86,0.1602,0,1,32
1769,147,49,51,44.77,0.1597,0,1,32
1770,144,49,51,46.85,0.1593,0,1,32
1771,171,49,51,44.43,0.1588,0,1,32
1772,155,49,51,46.24,0.1583,0,1,32
1773,150,49,51,45.69,0.1578,0,1,32
1774,143,49,51,46.41,0.1573,0,1,32
1775,163,49,51,45.61,0.1569,0,1,32
1776,132,49,51,45.32,0.1564,0,1,32
1777,131,49,51,46.93,0.1559,0,1,32
1778,158,49,51,44.26,0.1554,0,1,32
1779,123,49,51,45.71,0.155,0,1,32
1780,151,49,51,46.18,0.1545,0,1,32
1781,165,49,51,45.64,0.154,0,1,32
1782,147,49,51,46.62,0.1536,0,1,32
1783,400,45,45,27.89,0.1531,0,1,32
1784,400,17,17,2.99,0.1526,0,1,32
1785,400,29,31,12.74,0.1521,0,1,32
1786,400,40,40,26.49,0.1517,0,1,32
1787,400,20,20,5.44,0.1512,0,1,32
1788,259,49,51,44.35,0.1507,0,1,32
1789,400,47,47,34.04,0.1502,0,1,32
1790,262,49,51,44.37,0.1498,0,1,32
1791,317,49,51,40.32,0.1493,0,1,32
1792,163,49,51,44.16,0.1488,0,1,32
1793,174,49,51,40.9,0.1483,0,1,32
1794,192,49,51,44.77,0.1479,0,1,32
1795,177,49,51,45.27,0.1474,0,1,32
1796,172,49,51,47.07,0.1469,0,1,32
1797,400,49,49,33.79,0.1464,0,1,32
1798,283,49,51,40.11,0.146,0,1,32
1799,224,49,51,42.6,0.1455,0,1,32
1800,167,49,51,44.42,0.145,0,1,32
1801,155,49,51,46.24,0.1445,0,1,32
1802,213,49,51,44.81,0.1441,0,1,32
1803,151,49,51,46.63,0.1436,0,1,32
1804,176,49,51,43.13,0.1431,0,1,32
1805,188,49,51,44.86,0.1426,0,1,32
1806,156,49,51,44.33,0.1421,0,1,32
1807,151,49,51,46.73,0.1417,0,1,32
1808,153,49,51,47.66,0.1412,0,1,32
1809,141,49,51,47.53,0.1407,0,1,32
1810,145,49,51,45.69,0.1402,0,1,32
1811,164,49,51,44.55,0.1398,0,1,32
1812,147,49,51,46.97,0.1393,0,1,32
1813,272,49,51,42.82,0.1388,0,1,32
1814,169,49,51,47.35,0.1383,0,1,32
1815,193,49,51,43.06,0.1379,0,1,32
1816,195,49,51,45.29,0.1374,0,1,32
1817,186,49,51,46.53,0.1369,0,1,32
1818,168,49,51,48.11,0.1364,0,1,32
1819,233,49,51,45.81,0.136,0,1,32
1820,400,42,42,32.84,0.1355,0,1,32
1821,400,42,42,28.79,0.135,0,1,32
1822,400,36,36,20.74,0.1346,0,1,32
1823,400,15,15,-3.96,0.1341,0,1,32
1824,400,42,42,26.09,0.1336,0,1,32
1825,137,49,51,45.72,0.1331,0,1,32
1826,197,49,51,48.02,0.1327,0,1,32
1827,299,49,51,40.5,0.1322,0,1,32
1828,192,49,51,42.07,0.1317,0,1,32
1829,153,49,51,45.36,0.1312,0,1,32
1830,184,49,51,44.8,0.1308,0,1,32
1831,144,49,51,48.15,0.1303,0,1,32
1832,131,49,51,48.48,0.1298,0,1,32
1833,151,49,51,46.38,0.1293,0,1,32
1834,131,49,51,48.08,0.1289,0,1,32
1835,144,49,51,46.85,0.1284,0,1,32
1836,149,49,51,46.1,0.1279,0,1,32
1837,145,49,51,48.29,0.1274,0,1,32
1838,143,49,51,46.91,0.127,0,1,32
1839,164,49,51,45.25,0.1265,0,1,32
1840,163,49,51,45.41,0.126,0,1,32
1841,400,49,49,41.84,0.1255,0,1,32
1842,291,49,51,43.73,0.125,0,1,32
1843,400,48,48,33.84,0.1246,0,1,32
1844,400,35,35,23.89,0.1241,0,1,32
1845,400,18,18,1.34,0.1236,0,1,32
1846,396,49,51,35.53,0.1231,0,1,32
1847,159,49,51,46.1,0.1227,0,1,32
1848,215,49,51,44.84,0.1222,0,1,32
1849,164,49,51,46.25,0.1217,0,1,32
1850,149,49,51,45.55,0.1212,0,1,32
1851,400,47,47,38.89,0.1208,0,1,32
1852,400,46,46,33.29,0.1203,0,1,32
1853,255,49,51,45.14,0.1198,0,1,32
1854,282,49,51,37.47,0.1193,0,1,32
1855,179,49,51,45.85,0.1189,0,1,32
1856,180,49,51,47.39,0.1184,0,1,32
1857,174,49,51,46.5,0.1179,0,1,32
1858,400,46,46,35.34,0.1174,0,1,32
1859,199,49,51,45.7,0.117,0,1,32
1860,165,49,51,44.89,0.1165,0,1,32
1861,159,49,51,46.3,0.116,0,1,32
1862,187,49,51,46.47,0.1156,0,1,32
1863,215,49,51,44.99,0.1151,0,1,32
1864,139,49,51,48.4,0.1146,0,1,32
1865,138,49,51,47.96,0.1141,0,1,32
1866,141,49,51,48.48,0.1137,0,1,32
1867,128,49,51,47.01,0.1132,0,1,32
1868,135,49,51,46.44,0.1127,0,1,32
1869,148,49,51,47.86,0.1122,0,1,32
1870,144,49,51,47.35,0.1118,0,1,32
1871,128,49,51,47.11,0.1113,0,1,32
1872,144,49,51,45.85,0.1108,0,1,32
1873,126,49,51,49.13,0.1103,0,1,32
1874,131,49,51,47.93,0.1099,0,1,32
1875,400,47,47,35.29,0.1094,0,1,32
1876,172,49,51,46.47,0.1089,0,1,32
1877,145,49,51,48.44,0.1084,0,1,32
1878,134,49,51,48.55,0.108,0,1,32
1879,131,49,51,47.08,0.1075,0,1,32
1880,142,49,51,47.92,0.107,0,1,32
1881,148,49,51,48.86,0.1065,0,1,32
1882,139,49,51,46.95,0.1061,0,1,32
1883,134,49,51,47.6,0.1056,0,1,32
1884,139,49,51,46.45,0.1051,0,1,32
1885,134,49,51,47.6,0.1046,0,1,32
1886,149,49,51,47.75,0.1042,0,1,32
1887,148,49,51,48.41,0.1037,0,1,32
1888,134,49,51,47.45,0.1032,0,1,32
1889,150,49,51,47.39,0.1027,0,1,32
1890,151,49,51,46.83,0.1023,0,1,32
1891,138,49,51,49.46,0.1018,0,1,32
1892,130,49,51,47.69,0.1013,0,1,32
1893,128,49,51,49.11,0.1008,0,1,32
1894,163,49,51,45.31,0.1004,0,1,32
1895,130,49,51,49.09,0.0999,0,1,32
1896,121,49,51,49.68,0.0994,0,1,32
1897,147,49,51,46.92,0.0989,0,1,32
1898,140,49,51,45.89,0.0985,0,1,32
1899,123,49,51,48.11,0.098,0,1,32
1900,120,49,51,48.64,0.0975,0,1,32
1901,129,49,51,47.6,0.097,0,1,32
1902,163,49,51,44.76,0.0966,0,1,32
1903,137,49,51,47.52,0.0961,0,1,32
1904,146,49,51,48.08,0.0956,0,1,32
1905,135,49,51,47.44,0.0951,0,1,32
1906,135,49,51,47.54,0.0947,0,1,32
1907,122,49,51,48.17,0.0942,0,1,32
1908,131,49,51,46.68,0.0937,0,1,32
1909,163,49,51,46.11,0.0932,0,1,32
1910,138,49,51,48.91,0.0928,0,1,32
1911,141,49,51,47.88,0.0923,0,1,32
1912,147,49,51,46.82,0.0918,0,1,32
1913,132,49,51,48.07,0.0913,0,1,32
1914,141,49,51,46.93,0.0909,0,1,32
1915,144,49,51,48.95,0.0904,0,1,32
1916,149,49,51,47.85,0.0899,0,1,32
1917,127,49,51,48.67,0.0894,0,1,32
1918,125,49,51,48.09,0.089,0,1,32
1919,133,49,51,47.66,0.0885,0,1,32
1920,138,49,51,47.06,0.088,0,1,32
1921,139,49,51,47.5,0.0875,0,1,32
1922,132,49,51,48.62,0.0871,0,1,32
1923,138,49,51,46.91,0.0866,0,1,32
1924,137,49,51,48.97,0.0861,0,1,32
1925,161,49,51,47.68,0.0856,0,1,32
1926,129,49,51,49.6,0.0852,0,1,32
1927,131,49,51,49.13,0.0847,0,1,32
1928,141,49,51,48.38,0.0842,0,1,32
1929,124,49,51,47.7,0.0837,0,1,32
1930,126,49,51,48.08,0.0833,0,1,32
1931,129,49,51,49.05,0.0828,0,1,32
1932,134,49,51,48.6,0.0823,0,1,32
1933,156,49,51,47.38,0.0818,0,1,32
1934,110,49,51,48.34,0.0814,0,1,32
1935,153,49,51,46.36,0.0809,0,1,32
1936,132,49,51,46.62,0.0804,0,1,32
1937,139,49,51,47.45,0.0799,0,1,32
1938,129,49,51,47.9,0.0795,0,1,32
1939,128,49,51,49.01,0.079,0,1,32
1940,131,49,51,49.58,0.0785,0,1,32
1941,139,49,51,48.4,0.078,0,1,32
1942,146,49,51,48.38,0.0776,0,1,32
1943,142,49,51,48.97,0.0771,0,1,32
1944,127,49,51,47.62,0.0766,0,1,32
1945,138,49,51,47.91,0.0761,0,1,32
1946,129,49,51,48.6,0.0757,0,1,32
1947,132,49,51,49.57,0.0752,0,1,32
1948,145,49,51,48.49,0.0747,0,1,32
1949,132,49,51,48.62,0.0742,0,1,32
1950,137,49,51,48.52,0.0738,0,1,32
1951,122,49,51,47.72,0.0733,0,1,32
1952,126,49,51,48.63,0.0728,0,1,32
1953,146,49,51,46.93,0.0723,0,1,32
1954,133,49,51,48.61,0.0719,0,1,32
1955,139,49,51,48.6,0.0714,0,1,32
1956,136,49,51,48.63,0.0709,0,1,32
1957,136,49,51,49.58,0.0704,0,1,32
1958,128,49,51,48.11,0.07,0,1,32
1959,120,49,51,49.64,0.0695,0,1,32
1960,134,49,51,49.1,0.069,0,1,32
1961,137,49,51,49.02,0.0685,0,1,32
1962,123,49,51,49.16,0.0681,0,1,32
1963,143,49,51,47.71,0.0676,0,1,32
1964,134,49,51,48.95,0.0671,0,1,32
1965,150,49,51,47.24,0.0666,0,1,32
1966,120,49,51,48.69,0.0662,0,1,32
1967,126,49,51,47.73,0.0657,0,1,32
1968,143,49,51,47.26,0.0652,0,1,32
1969,148,49,51,47.71,0.0647,0,1,32
1970,113,49,51,48.21,0.0643,0,1,32
1971,123,49,51,49.71,0.0638,0,1,32
1972,126,49,51,49.23,0.0633,0,1,32
1973,131,49,51,49.13,0.0628,0,1,32
1974,138,49,51,46.51,0.0624,0,1,32
1975,117,49,51,49.32,0.0619,0,1,32
1976,143,49,51,47.46,0.0614,0,1,32
1977,124,49,51,49.15,0.0609,0,1,32
1978,125,49,51,47.99,0.0605,0,1,32
1979,117,49,51,47.82,0.06,0,1,32
1980,139,49,51,49.55,0.0595,0,1,32
1981,130,49,51,49.54,0.059,0,1,32
1982,137,49,51,49.52,0.0586,0,1,32
1983,135,49,51,48.54,0.0581,0,1,32
1984,147,49,51,47.92,0.0576,0,1,32
1985,135,49,51,49.64,0.0571,0,1,32
1986,131,49,51,49.58,0.0567,0,1,32
1987,147,49,51,48.47,0.0562,0,1,32
1988,133,49,51,48.91,0.0557,0,1,32
1989,139,49,51,49.5,0.0552,0,1,32
1990,131,49,51,49.08,0.0548,0,1,32
1991,125,49,51,49.74,0.0543,0,1,32
1992,127,49,51,49.62,0.0538,0,1,32
1993,143,49,51,47.36,0.0533,0,1,32
1994,129,49,51,49.6,0.0529,0,1,32
1995,142,49,51,47.42,0.0524,0,1,32
1996,119,49,51,48.8,0.0519,0,1,32
1997,138,49,51,49.56,0.0514,0,1,32
1998,141,49,51,49.48,0.051,0,1,32
1999,138,49,51,49.11,0.0505,0,1,32
2000,135,49,51,48.14,0.05,0,1,32
