episode,steps,score,coins,crates,bombs,reward,epsilon,killed_self,survived,states_visited
1,5,0,0,2,1,-5.3,0.9995,1,0,5
2,23,0,0,2,1,-10.03,0.999,1,0,10
3,6,0,0,1,1,-5.36,0.9986,1,0,15
4,13,0,0,2,1,-7.68,0.9981,1,0,15
5,10,0,0,3,1,-6.25,0.9976,1,0,15
6,5,0,0,4,1,-5.25,0.9971,1,0,15
7,7,0,0,1,1,-6.22,0.9967,1,0,15
8,8,0,0,2,1,-6.93,0.9962,1,0,15
9,6,0,0,4,1,-5.56,0.9957,1,0,15
10,16,0,0,2,1,-7.11,0.9952,1,0,15
11,7,0,0,4,1,-6.32,0.9948,1,0,18
12,6,0,0,2,1,-4.86,0.9943,1,0,21
13,10,0,0,3,1,-7.65,0.9938,1,0,21
14,12,0,0,3,1,-7.52,0.9933,1,0,21
15,8,0,0,3,1,-6.63,0.9929,1,0,21
16,18,0,0,5,2,-8.63,0.9924,1,0,23
17,5,0,0,2,1,-5.85,0.9919,1,0,23
18,47,0,0,2,1,-16.22,0.9915,1,0,24
19,5,0,0,3,1,-5.55,0.991,1,0,24
20,22,0,0,3,1,-11.27,0.9905,1,0,24
21,11,0,0,3,1,-6.61,0.99,1,0,24
22,8,0,0,3,1,-4.83,0.9896,1,0,24
23,5,0,0,3,1,-4.6,0.9891,1,0,25
24,11,0,0,4,1,-6.36,0.9886,1,0,28
25,9,0,0,3,1,-5.89,0.9881,1,0,29
26,8,0,0,3,1,-5.63,0.9877,1,0,29
27,12,0,0,3,1,-6.22,0.9872,1,0,29
28,6,0,0,4,1,-4.31,0.9867,1,0,29
29,5,0,0,1,1,-6.15,0.9862,1,0,29
30,10,0,0,4,1,-6.95,0.9858,1,0,29
31,8,0,0,2,1,-6.88,0.9853,1,0,29
32,11,0,0,3,1,-6.66,0.9848,1,0,29
33,7,0,0,3,1,-5.17,0.9843,1,0,29
34,6,0,0,2,1,-4.86,0.9839,1,0,29
35,16,0,0,4,2,-7.81,0.9834,1,0,32
36,5,0,0,2,1,-5.75,0.9829,1,0,32
37,10,0,0,4,1,-4.95,0.9824,1,0,32
38,5,0,0,2,1,-5.5,0.9819,1,0,32
39,10,0,0,1,1,-7.85,0.9815,1,0,32
40,13,0,0,4,1,-6.23,0.981,1,0,33
41,11,0,0,3,1,-7.16,0.9805,1,0,33
42,6,0,0,1,1,-6.16,0.98,1,0,33
43,13,0,0,3,1,-8.63,0.9796,1,0,33
44,17,0,0,2,1,-8.62,0.9791,1,0,33
45,8,0,0,3,1,-6.73,0.9786,1,0,33
46,7,0,0,2,1,-5.82,0.9781,1,0,33
47,10,0,0,2,1,-6.55,0.9777,1,0,33
48,8,0,0,1,1,-5.73,0.9772,1,0,34
49,7,0,0,2,1,-5.92,0.9767,1,0,35
50,5,0,0,3,1,-5.65,0.9762,1,0,35
51,16,0,0,4,1,-8.91,0.9758,1,0,35
52,6,0,0,3,1,-5.96,0.9753,1,0,35
53,10,0,0,4,1,-5.0,0.9748,1,0,35
54,11,0,0,3,1,-7.66,0.9744,1,0,35
55,5,0,0,4,1,-5.1,0.9739,1,0,35
56,11,0,0,1,1,-6.01,0.9734,1,0,35
57,7,0,0,2,1,-6.47,0.9729,1,0,35
58,11,0,0,3,1,-7.71,0.9725,1,0,35
59,5,0,0,4,1,-5.1,0.972,1,0,35
60,8,0,0,4,1,-5.83,0.9715,1,0,35
61,12,0,0,4,1,-6.82,0.971,1,0,36
62,6,0,0,3,1,-5.06,0.9706,1,0,36
63,22,0,0,2,1,-12.27,0.9701,1,0,36
64,9,0,0,1,1,-7.19,0.9696,1,0,36
65,5,0,0,1,1,-6.3,0.9691,1,0,36
66,13,0,0,5,2,-6.98,0.9687,1,0,36
67,7,0,0,1,1,-5.92,0.9682,1,0,36
68,11,0,0,2,1,-7.56,0.9677,1,0,36
69,10,0,0,2,1,-7.9,0.9672,1,0,38
70,6,0,0,2,1,-6.51,0.9667,1,0,38
71,10,0,0,3,1,-7.1,0.9663,1,0,38
72,5,0,0,3,1,-4.55,0.9658,1,0,38
73,7,0,0,4,1,-5.07,0.9653,1,0,38
74,5,0,0,3,1,-5.55,0.9648,1,0,38
75,7,0,0,4,1,-6.07,0.9644,1,0,38
76,11,0,0,3,1,-8.06,0.9639,1,0,38
77,5,0,0,3,1,-6.15,0.9634,1,0,38
78,5,0,0,3,1,-5.6,0.9629,1,0,38
79,14,0,0,3,1,-7.59,0.9625,1,0,38
80,8,0,0,1,1,-6.33,0.962,1,0,38
81,5,0,0,3,1,-5.45,0.9615,1,0,38
82,25,0,0,3,2,-9.9,0.961,1,0,38
83,7,0,0,3,1,-5.72,0.9606,1,0,38
84,9,0,0,3,1,-6.04,0.9601,1,0,38
85,5,0,0,4,1,-5.05,0.9596,1,0,38
86,9,0,0,1,1,-7.34,0.9591,1,0,38
87,11,0,0,3,1,-5.51,0.9587,1,0,38
88,5,0,0,3,1,-5.65,0.9582,1,0,38
89,20,0,0,3,1,-9.3,0.9577,1,0,38
90,50,0,0,4,2,-18.05,0.9573,1,0,38
91,11,0,0,1,1,-7.36,0.9568,1,0,39
92,9,0,0,4,1,-5.39,0.9563,1,0,39
93,7,0,0,2,1,-6.52,0.9558,1,0,39
94,5,0,0,3,1,-5.65,0.9554,1,0,39
95,7,0,0,1,1,-6.77,0.9549,1,0,39
96,5,0,0,3,1,-5.5,0.9544,1,0,39
97,8,0,0,2,1,-6.43,0.9539,1,0,40
98,19,0,0,3,1,-10.79,0.9535,1,0,40
99,6,0,0,4,1,-5.31,0.953,1,0,40
100,10,0,0,3,1,-7.05,0.9525,1,0,40
101,6,0,0,2,1,-6.36,0.952,1,0,40
102,13,0,0,3,1,-6.43,0.9516,1,0,40
103,8,0,0,4,1,-5.68,0.9511,1,0,40
104,51,0,0,8,3,-17.46,0.9506,1,0,47
105,6,0,0,3,1,-5.16,0.9501,1,0,47
106,35,0,0,5,2,-10.15,0.9496,1,0,49
107,9,0,0,6,1,-4.14,0.9492,1,0,50
108,16,0,0,2,1,-7.96,0.9487,1,0,50
109,10,0,0,4,1,-5.45,0.9482,1,0,50
110,7,0,0,3,1,-5.07,0.9477,1,0,50
111,22,0,0,3,1,-10.42,0.9473,1,0,50
112,5,0,0,3,1,-5.55,0.9468,1,0,50
113,24,0,0,1,1,-10.64,0.9463,1,0,50
114,6,0,0,3,1,-5.01,0.9458,1,0,50
115,14,0,0,3,1,-7.14,0.9454,1,0,50
116,12,0,0,2,1,-6.82,0.9449,1,0,50
117,6,0,0,2,1,-6.36,0.9444,1,0,50
118,8,0,0,2,1,-6.93,0.9439,1,0,50
119,6,0,0,4,1,-4.96,0.9435,1,0,50
120,9,0,0,2,1,-7.04,0.943,1,0,50
121,21,0,0,3,2,-8.91,0.9425,1,0,50
122,11,0,0,4,1,-5.51,0.9421,1,0,50
123,13,0,0,4,1,-6.98,0.9416,1,0,50
124,10,0,0,2,1,-5.5,0.9411,1,0,50
125,8,0,0,4,1,-5.43,0.9406,1,0,50
126,7,0,0,2,1,-5.47,0.9402,1,0,50
127,16,0,0,4,2,-7.91,0.9397,1,0,50
128,24,0,0,5,2,-9.14,0.9392,1,0,50
129,5,0,0,2,1,-5.3,0.9387,1,0,50
130,7,0,0,3,1,-6.12,0.9383,1,0,50
131,5,0,0,2,1,-5.5,0.9378,1,0,50
132,12,0,0,4,1,-7.42,0.9373,1,0,50
133,6,0,0,2,1,-5.46,0.9368,1,0,50
134,5,0,0,2,1,-5.95,0.9364,1,0,50
135,7,0,0,4,1,-4.47,0.9359,1,0,50
136,7,0,0,2,1,-5.57,0.9354,1,0,50
137,13,0,0,3,1,-6.68,0.9349,1,0,50
138,10,0,0,4,1,-5.55,0.9345,1,0,50
139,12,0,0,3,1,-6.67,0.934,1,0,50
140,9,0,0,2,1,-7.44,0.9335,1,0,50
141,5,0,0,2,1,-6.0,0.933,1,0,50
142,5,0,0,3,1,-5.35,0.9325,1,0,50
143,8,0,0,3,1,-6.53,0.9321,1,0,50
144,9,0,0,3,1,-5.19,0.9316,1,0,50
145,10,0,0,2,1,-6.05,0.9311,1,0,50
146,22,0,0,3,2,-9.92,0.9306,1,0,50
147,11,0,0,3,1,-7.16,0.9302,1,0,50
148,5,0,0,4,1,-5.25,0.9297,1,0,50
149,5,0,0,4,1,-5.3,0.9292,1,0,50
150,8,0,0,3,1,-6.13,0.9287,1,0,50
151,8,0,0,2,1,-6.48,0.9283,1,0,50
152,5,0,0,4,1,-5.3,0.9278,1,0,50
153,5,0,0,4,1,-5.25,0.9273,1,0,50
154,15,0,0,4,2,-7.4,0.9268,1,0,50
155,5,0,0,3,1,-5.7,0.9264,1,0,50
156,10,0,0,2,1,-5.9,0.9259,1,0,50
157,24,0,0,6,2,-9.34,0.9254,1,0,51
158,5,0,0,3,1,-4.9,0.925,1,0,51
159,6,0,0,2,1,-5.01,0.9245,1,0,51
160,10,0,0,4,1,-6.3,0.924,1,0,51
161,22,0,0,4,2,-9.77,0.9235,1,0,51
162,6,0,0,3,1,-5.21,0.9231,1,0,51
163,22,0,0,4,1,-10.37,0.9226,1,0,51
164,6,0,0,3,1,-5.51,0.9221,1,0,51
165,19,0,0,3,1,-8.24,0.9216,1,0,51
166,10,0,0,3,1,-8.0,0.9212,1,0,51
167,9,0,0,1,1,-6.24,0.9207,1,0,51
168,23,0,0,10,3,-5.98,0.9202,1,0,51
169,12,0,0,2,1,-7.62,0.9197,1,0,51
170,7,0,0,3,1,-5.02,0.9193,1,0,51
171,10,0,0,1,1,-7.3,0.9188,1,0,51
172,6,0,0,3,1,-5.61,0.9183,1,0,51
173,11,0,0,4,1,-7.71,0.9178,1,0,52
174,5,0,0,0,1,-6.1,0.9173,1,0,52
175,5,0,0,3,1,-5.1,0.9169,1,0,52
176,8,0,0,3,1,-5.58,0.9164,1,0,52
177,7,0,0,3,1,-4.97,0.9159,1,0,52
178,10,0,0,4,1,-6.9,0.9154,1,0,52
179,6,0,0,3,1,-5.56,0.915,1,0,52
180,8,0,0,3,1,-5.63,0.9145,1,0,52
181,7,0,0,2,1,-6.92,0.914,1,0,52
182,5,0,0,4,1,-4.9,0.9135,1,0,52
183,7,0,0,3,1,-6.42,0.9131,1,0,52
184,6,0,0,4,1,-5.21,0.9126,1,0,52
185,6,0,0,2,1,-5.81,0.9121,1,0,52
186,7,0,0,3,1,-6.02,0.9116,1,0,52
187,6,0,0,3,1,-6.06,0.9112,1,0,52
188,6,0,0,1,1,-5.26,0.9107,1,0,52
189,6,0,0,3,1,-5.16,0.9102,1,0,52
190,5,0,0,3,1,-5.55,0.9098,1,0,52
191,5,0,0,4,1,-5.15,0.9093,1,0,52
192,6,0,0,4,1,-5.61,0.9088,1,0,52
193,13,0,0,3,1,-6.68,0.9083,1,0,52
194,8,0,0,2,1,-6.93,0.9079,1,0,52
195,11,0,0,3,1,-5.91,0.9074,1,0,52
196,13,0,0,6,2,-5.18,0.9069,1,0,52
197,15,0,0,2,1,-8.7,0.9064,1,0,52
198,12,0,0,2,1,-7.42,0.906,1,0,52
199,5,0,0,4,1,-5.65,0.9055,1,0,52
200,6,0,0,2,1,-5.91,0.905,1,0,53
201,5,0,0,4,1,-4.7,0.9045,1,0,53
202,13,0,0,4,1,-5.78,0.9041,1,0,53
203,5,0,0,4,1,-4.6,0.9036,1,0,53
204,5,0,0,4,1,-5.25,0.9031,1,0,53
205,8,0,0,3,1,-6.53,0.9026,1,0,53
206,5,0,0,3,1,-5.55,0.9022,1,0,53
207,6,0,0,3,1,-5.61,0.9017,1,0,53
208,5,0,0,3,1,-5.1,0.9012,1,0,53
209,17,0,0,4,1,-7.47,0.9007,1,0,53
210,14,0,0,2,1,-7.04,0.9002,1,0,53
211,6,0,0,2,1,-5.81,0.8998,1,0,53
212,5,0,0,4,1,-4.8,0.8993,1,0,53
213,5,0,0,3,1,-5.1,0.8988,1,0,53
214,16,0,0,2,1,-9.11,0.8983,1,0,53
215,6,0,0,2,1,-5.86,0.8979,1,0,53
216,5,0,0,3,1,-5.85,0.8974,1,0,53
217,15,0,0,9,2,-6.3,0.8969,1,0,53
218,8,0,0,3,1,-6.13,0.8964,1,0,53
219,9,0,0,3,1,-5.79,0.896,1,0,53
220,7,0,0,3,1,-6.12,0.8955,1,0,53
221,7,0,0,3,1,-5.67,0.895,1,0,53
222,7,0,0,3,1,-6.37,0.8945,1,0,53
223,10,0,0,5,1,-5.5,0.8941,1,0,53
224,8,0,0,4,1,-5.23,0.8936,1,0,53
225,19,0,0,5,2,-7.29,0.8931,1,0,53
226,13,0,0,3,1,-8.28,0.8926,1,0,53
227,6,0,0,3,1,-5.56,0.8922,1,0,53
228,9,0,0,5,1,-5.99,0.8917,1,0,53
229,13,0,0,3,1,-6.33,0.8912,1,0,53
230,12,0,0,2,1,-8.12,0.8908,1,0,53
231,9,0,0,2,1,-5.59,0.8903,1,0,53
232,11,0,0,3,1,-6.61,0.8898,1,0,53
233,14,0,0,5,2,-6.54,0.8893,1,0,53
234,15,0,0,2,1,-8.2,0.8889,1,0,53
235,13,0,0,3,1,-6.88,0.8884,1,0,53
236,31,0,0,4,1,-12.11,0.8879,1,0,53
237,5,0,0,3,1,-5.1,0.8874,1,0,53
238,10,0,0,3,1,-7.65,0.887,1,0,53
239,24,0,0,1,1,-8.69,0.8865,1,0,53
240,22,0,0,2,1,-12.02,0.886,1,0,53
241,8,0,0,3,1,-6.73,0.8855,1,0,53
242,7,0,0,2,1,-6.42,0.8851,1,0,53
243,9,0,0,4,1,-4.84,0.8846,1,0,53
244,14,0,0,3,1,-7.64,0.8841,1,0,54
245,5,0,0,1,1,-6.25,0.8836,1,0,54
246,5,0,0,4,1,-4.15,0.8831,1,0,54
247,12,0,0,3,1,-6.07,0.8827,1,0,54
248,26,0,0,2,1,-11.36,0.8822,1,0,54
249,12,0,0,2,1,-7.47,0.8817,1,0,54
250,8,0,0,4,1,-5.13,0.8812,1,0,54
251,5,0,0,3,1,-5.0,0.8808,1,0,54
252,12,0,0,2,1,-7.52,0.8803,1,0,54
253,13,0,0,2,1,-8.58,0.8798,1,0,54
254,5,0,0,2,1,-5.75,0.8793,1,0,54
255,5,0,0,3,1,-5.2,0.8789,1,0,54
256,21,0,0,5,2,-7.81,0.8784,1,0,54
257,5,0,0,3,1,-5.65,0.8779,1,0,54
258,10,0,0,2,1,-5.55,0.8775,1,0,54
259,12,0,0,5,1,-5.42,0.877,1,0,54
260,5,0,0,4,1,-4.7,0.8765,1,0,54
261,11,0,0,2,1,-5.61,0.876,1,0,54
262,6,0,0,4,1,-5.61,0.8756,1,0,54
263,8,0,0,3,1,-4.23,0.8751,1,0,54
264,31,0,0,8,2,-9.81,0.8746,1,0,59
265,9,0,0,3,1,-6.69,0.8741,1,0,59
266,5,0,0,4,1,-4.8,0.8737,1,0,59
267,18,0,0,4,2,-8.98,0.8732,1,0,61
268,15,0,0,2,1,-8.0,0.8727,1,0,61
269,7,0,0,3,1,-5.17,0.8722,1,0,61
270,8,0,0,4,1,-4.88,0.8718,1,0,61
271,6,0,0,3,1,-5.46,0.8713,1,0,61
272,24,0,0,2,1,-9.44,0.8708,1,0,61
273,6,0,0,1,1,-6.31,0.8703,1,0,61
274,15,0,0,3,1,-8.65,0.8699,1,0,61
275,11,0,0,2,1,-7.66,0.8694,1,0,61
276,7,0,0,3,1,-6.12,0.8689,1,0,61
277,7,0,0,3,1,-5.57,0.8684,1,0,61
278,8,0,0,5,1,-5.18,0.8679,1,0,61
279,20,0,0,1,1,-7.9,0.8675,1,0,61
280,10,0,0,5,1,-5.85,0.867,1,0,61
281,24,1,1,5,3,-8.59,0.8665,1,0,63
282,6,0,0,3,1,-5.61,0.866,1,0,63
283,5,0,0,1,1,-5.75,0.8656,1,0,63
284,11,0,0,3,1,-7.26,0.8651,1,0,63
285,9,0,0,2,1,-7.04,0.8646,1,0,63
286,8,0,0,2,1,-6.08,0.8641,1,0,63
287,10,0,0,2,1,-7.8,0.8637,1,0,63
288,15,0,0,1,1,-8.85,0.8632,1,0,63
289,8,0,0,4,1,-5.08,0.8627,1,0,63
290,13,0,0,2,1,-8.08,0.8622,1,0,63
291,9,0,0,1,1,-6.29,0.8618,1,0,63
292,7,0,0,2,1,-6.42,0.8613,1,0,63
293,7,0,0,2,1,-6.87,0.8608,1,0,63
294,8,0,0,3,1,-5.58,0.8603,1,0,63
295,17,0,0,4,2,-8.52,0.8599,1,0,63
296,6,0,0,3,1,-5.61,0.8594,1,0,63
297,16,0,0,2,1,-8.66,0.8589,1,0,63
298,11,0,0,2,1,-7.91,0.8585,1,0,63
299,9,0,0,5,1,-4.89,0.858,1,0,63
300,7,0,0,2,1,-5.87,0.8575,1,0,63
301,7,0,0,5,1,-4.42,0.857,1,0,63
302,5,0,0,2,1,-5.95,0.8566,1,0,63
303,12,0,0,5,1,-5.92,0.8561,1,0,63
304,10,0,0,1,1,-7.3,0.8556,1,0,63
305,5,0,0,4,1,-5.15,0.8551,1,0,63
306,11,0,0,3,1,-6.61,0.8547,1,0,63
307,9,0,0,0,1,-6.59,0.8542,1,0,63
308,6,0,0,2,1,-5.01,0.8537,1,0,63
309,14,0,0,1,1,-7.24,0.8532,1,0,64
310,14,0,0,2,1,-6.94,0.8528,1,0,64
311,8,0,0,3,1,-6.13,0.8523,1,0,64
312,8,0,0,3,1,-5.68,0.8518,1,0,64
313,8,0,0,2,1,-6.88,0.8513,1,0,64
314,6,0,0,3,1,-6.06,0.8508,1,0,64
315,7,0,0,2,1,-5.92,0.8504,1,0,64
316,6,0,0,4,1,-5.21,0.8499,1,0,64
317,21,1,1,3,2,-6.91,0.8494,1,0,64
318,7,0,0,2,1,-6.27,0.8489,1,0,66
319,7,0,0,3,1,-6.17,0.8485,1,0,66
320,6,0,0,1,1,-6.66,0.848,1,0,66
321,5,0,0,3,1,-5.55,0.8475,1,0,66
322,8,0,0,3,1,-5.68,0.847,1,0,66
323,5,0,0,3,1,-5.2,0.8466,1,0,66
324,7,0,0,1,1,-5.32,0.8461,1,0,66
325,11,0,0,2,1,-8.81,0.8456,1,0,66
326,16,0,0,4,1,-8.41,0.8452,1,0,66
327,6,0,0,4,1,-4.96,0.8447,1,0,66
328,5,0,0,3,1,-5.0,0.8442,1,0,66
329,6,0,0,4,1,-5.31,0.8437,1,0,66
330,7,0,0,3,1,-4.67,0.8433,1,0,70
331,7,0,0,3,1,-4.97,0.8428,1,0,70
332,6,0,0,3,1,-6.06,0.8423,1,0,70
333,9,0,0,2,1,-6.49,0.8418,1,0,70
334,5,0,0,2,1,-5.85,0.8414,1,0,70
335,23,0,0,10,3,-5.08,0.8409,1,0,70
336,17,0,0,4,2,-5.92,0.8404,1,0,70
337,19,0,0,5,2,-8.14,0.8399,1,0,70
338,5,0,0,4,1,-4.15,0.8395,1,0,70
339,13,0,0,3,1,-7.58,0.839,1,0,70
340,9,0,0,2,1,-6.39,0.8385,1,0,70
341,6,0,0,3,1,-5.51,0.838,1,0,70
342,12,0,0,2,1,-6.92,0.8376,1,0,70
343,9,0,0,3,1,-5.74,0.8371,1,0,70
344,11,0,0,3,1,-7.21,0.8366,1,0,70
345,19,0,0,3,1,-9.14,0.8361,1,0,70
346,13,0,0,3,1,-7.33,0.8357,1,0,70
347,16,0,0,5,2,-8.51,0.8352,1,0,70
348,9,0,0,4,1,-5.19,0.8347,1,0,70
349,8,0,0,3,1,-5.73,0.8342,1,0,70
350,13,0,0,4,2,-5.98,0.8337,1,0,70
351,7,0,0,4,1,-5.17,0.8333,1,0,70
352,23,0,0,6,2,-7.93,0.8328,1,0,70
353,18,0,0,6,2,-8.58,0.8323,1,0,70
354,7,0,0,3,1,-6.12,0.8318,1,0,70
355,6,0,0,4,1,-5.36,0.8314,1,0,70
356,11,0,0,4,1,-5.76,0.8309,1,0,70
357,5,0,0,4,1,-5.15,0.8304,1,0,70
358,10,0,0,6,1,-5.5,0.8299,1,0,70
359,8,0,0,3,1,-7.08,0.8295,1,0,70
360,5,0,0,4,1,-4.7,0.829,1,0,70
361,10,0,0,3,1,-7.15,0.8285,1,0,70
362,5,0,0,4,1,-4.8,0.828,1,0,70
363,11,0,0,2,1,-6.86,0.8276,1,0,70
364,13,0,0,6,2,-6.63,0.8271,1,0,70
365,11,0,0,4,1,-5.76,0.8266,1,0,70
366,5,0,0,3,1,-5.2,0.8262,1,0,70
367,31,0,0,4,3,-11.61,0.8257,1,0,71
368,6,0,0,3,1,-5.66,0.8252,1,0,71
369,9,0,0,2,1,-5.59,0.8247,1,0,71
370,9,0,0,3,1,-4.74,0.8243,1,0,71
371,8,0,0,2,1,-6.58,0.8238,1,0,71
372,6,0,0,1,1,-5.81,0.8233,1,0,71
373,5,0,0,3,1,-5.05,0.8228,1,0,71
374,7,0,0,1,1,-6.32,0.8224,1,0,71
375,10,0,0,2,1,-6.1,0.8219,1,0,71
376,17,0,0,2,1,-8.12,0.8214,1,0,71
377,6,0,0,3,1,-4.71,0.8209,1,0,71
378,5,0,0,2,1,-5.75,0.8205,1,0,71
379,10,0,0,2,1,-8.05,0.82,1,0,71
380,15,0,0,2,2,-8.05,0.8195,1,0,71
381,6,0,0,2,1,-6.01,0.819,1,0,71
382,15,0,0,6,2,-5.15,0.8185,1,0,71
383,6,0,0,2,1,-5.41,0.8181,1,0,71
384,7,0,0,4,1,-4.72,0.8176,1,0,71
385,10,0,0,1,1,-7.3,0.8171,1,0,71
386,7,0,0,3,1,-5.52,0.8166,1,0,71
387,8,0,0,1,1,-6.38,0.8162,1,0,71
388,22,0,0,4,2,-8.72,0.8157,1,0,71
389,9,0,0,3,1,-7.09,0.8152,1,0,71
390,9,0,0,2,1,-6.44,0.8147,1,0,71
391,8,0,0,3,1,-6.03,0.8143,1,0,71
392,9,0,0,2,1,-7.89,0.8138,1,0,71
393,20,0,0,3,1,-10.95,0.8133,1,0,71
394,5,0,0,3,1,-5.0,0.8128,1,0,71
395,7,0,0,4,1,-5.42,0.8124,1,0,71
396,15,0,0,6,2,-7.4,0.8119,1,0,71
397,13,0,0,5,2,-6.88,0.8114,1,0,71
398,9,0,0,2,1,-6.94,0.811,1,0,71
399,15,0,0,6,2,-6.4,0.8105,1,0,71
400,15,0,0,8,2,-6.4,0.81,1,0,71
401,21,0,0,2,1,-11.61,0.8095,1,0,71
402,9,0,0,2,1,-7.04,0.8091,1,0,71
403,15,0,0,6,2,-6.75,0.8086,1,0,72
404,9,0,0,1,1,-6.79,0.8081,1,0,72
405,6,0,0,4,1,-6.26,0.8076,1,0,72
406,10,0,0,5,1,-4.35,0.8072,1,0,72
407,10,0,0,6,1,-4.9,0.8067,1,0,72
408,6,0,0,3,1,-5.46,0.8062,1,0,72
409,6,0,0,2,1,-5.91,0.8057,1,0,72
410,5,0,0,3,1,-4.95,0.8053,1,0,72
411,10,0,0,1,1,-7.2,0.8048,1,0,72
412,13,0,0,2,1,-8.58,0.8043,1,0,72
413,16,0,0,4,2,-7.51,0.8038,1,0,72
414,6,0,0,2,1,-5.46,0.8034,1,0,72
415,16,0,0,4,2,-8.21,0.8029,1,0,72
416,23,0,0,5,2,-7.43,0.8024,1,0,72
417,7,0,0,6,1,-4.62,0.8019,1,0,72
418,7,0,0,5,1,-4.57,0.8014,1,0,72
419,6,0,0,2,1,-4.86,0.801,1,0,72
420,6,0,0,3,1,-5.71,0.8005,1,0,72
421,11,0,0,5,1,-5.06,0.8,1,0,72
422,7,0,0,4,1,-4.37,0.7995,1,0,72
423,10,0,0,4,1,-6.6,0.7991,1,0,72
424,10,0,0,2,1,-7.0,0.7986,1,0,72
425,9,0,0,2,1,-6.49,0.7981,1,0,72
426,6,0,0,3,1,-4.56,0.7976,1,0,72
427,18,0,0,4,2,-7.53,0.7972,1,0,72
428,31,0,0,4,3,-11.01,0.7967,1,0,72
429,5,0,0,4,1,-4.9,0.7962,1,0,72
430,5,0,0,3,1,-5.55,0.7957,1,0,72
431,8,0,0,3,1,-5.73,0.7953,1,0,72
432,5,0,0,4,1,-5.25,0.7948,1,0,72
433,6,0,0,1,1,-5.86,0.7943,1,0,72
434,5,0,0,3,1,-5.45,0.7938,1,0,72
435,5,0,0,4,1,-5.4,0.7934,1,0,72
436,6,0,0,4,1,-5.66,0.7929,1,0,72
437,8,0,0,3,1,-5.28,0.7924,1,0,72
438,5,0,0,2,1,-4.95,0.792,1,0,72
439,12,0,0,3,1,-8.07,0.7915,1,0,72
440,5,0,0,4,1,-4.85,0.791,1,0,72
441,8,0,0,4,1,-5.68,0.7905,1,0,72
442,6,0,0,1,1,-6.16,0.7901,1,0,72
443,14,0,0,4,1,-7.04,0.7896,1,0,72
444,6,0,0,2,1,-5.51,0.7891,1,0,72
445,5,0,0,3,1,-5.65,0.7886,1,0,72
446,5,0,0,4,1,-4.7,0.7882,1,0,72
447,27,1,1,3,2,-9.82,0.7877,1,0,72
448,23,0,0,3,1,-8.78,0.7872,1,0,72
449,5,0,0,3,1,-5.45,0.7867,1,0,72
450,11,0,0,3,1,-7.06,0.7863,1,0,72
451,16,0,0,1,1,-7.86,0.7858,1,0,72
452,5,0,0,1,1,-5.2,0.7853,1,0,72
453,9,0,0,2,1,-7.04,0.7848,1,0,72
454,16,0,0,5,1,-6.21,0.7843,1,0,72
455,9,0,0,5,1,-5.39,0.7839,1,0,72
456,7,0,0,3,1,-5.32,0.7834,1,0,72
457,5,0,0,2,1,-5.95,0.7829,1,0,72
458,7,0,0,3,1,-6.47,0.7824,1,0,72
459,7,0,0,3,1,-4.17,0.782,1,0,72
460,8,0,0,2,1,-6.43,0.7815,1,0,72
461,20,0,0,5,2,-8.1,0.781,1,0,72
462,10,0,0,3,1,-6.7,0.7805,1,0,72
463,5,0,0,2,1,-4.95,0.7801,1,0,72
464,14,0,0,3,1,-5.04,0.7796,1,0,72
465,13,0,0,5,1,-4.58,0.7791,1,0,72
466,9,0,0,2,1,-6.19,0.7787,1,0,72
467,12,0,0,3,1,-6.37,0.7782,1,0,72
468,9,0,0,2,1,-5.94,0.7777,1,0,72
469,11,0,0,3,1,-6.81,0.7772,1,0,72
470,6,0,0,2,1,-5.56,0.7768,1,0,72
471,8,0,0,2,1,-6.03,0.7763,1,0,72
472,13,0,0,5,1,-7.08,0.7758,1,0,72
473,6,0,0,4,1,-5.81,0.7753,1,0,72
474,6,0,0,1,1,-5.81,0.7749,1,0,72
475,23,0,0,4,2,-9.98,0.7744,1,0,74
476,9,0,0,1,1,-7.34,0.7739,1,0,74
477,5,0,0,3,1,-4.6,0.7734,1,0,74
478,24,0,0,9,3,-7.34,0.773,1,0,74
479,6,0,0,2,1,-5.41,0.7725,1,0,74
480,22,0,0,6,3,-6.47,0.772,1,0,74
481,7,0,0,3,1,-5.67,0.7715,1,0,74
482,18,0,0,5,2,-7.28,0.7711,1,0,74
483,5,0,0,3,1,-5.2,0.7706,1,0,74
484,7,0,0,1,1,-5.77,0.7701,1,0,74
485,13,0,0,5,1,-6.28,0.7696,1,0,74
486,6,0,0,2,1,-5.46,0.7692,1,0,74
487,5,0,0,2,1,-5.4,0.7687,1,0,74
488,45,1,1,11,3,-9.65,0.7682,1,0,74
489,6,0,0,4,1,-4.76,0.7677,1,0,74
490,6,0,0,2,1,-5.31,0.7672,1,0,74
491,7,0,0,2,1,-5.82,0.7668,1,0,74
492,8,0,0,1,1,-6.33,0.7663,1,0,74
493,21,0,0,3,1,-8.51,0.7658,1,0,74
494,7,0,0,3,1,-5.67,0.7653,1,0,74
495,6,0,0,2,1,-6.01,0.7649,1,0,74
496,7,0,0,3,1,-6.57,0.7644,1,0,74
497,5,0,0,2,1,-5.35,0.7639,1,0,74
498,16,0,0,5,1,-8.01,0.7634,1,0,74
499,21,0,0,6,2,-6.56,0.763,1,0,74
500,6,0,0,4,1,-4.81,0.7625,1,0,74
501,7,0,0,3,1,-5.47,0.762,1,0,74
502,9,0,0,3,1,-7.59,0.7615,1,0,74
503,6,0,0,2,1,-5.46,0.7611,1,0,74
504,11,0,0,2,1,-6.01,0.7606,1,0,74
505,6,0,0,2,1,-5.41,0.7601,1,0,74
506,13,0,0,4,1,-5.43,0.7597,1,0,74
507,30,0,0,1,2,-10.2,0.7592,1,0,74
508,10,0,0,1,1,-7.45,0.7587,1,0,74
509,8,0,0,3,1,-6.08,0.7582,1,0,74
510,20,1,1,3,2,-7.75,0.7578,1,0,74
511,8,0,0,4,1,-5.23,0.7573,1,0,74
512,12,0,0,2,1,-5.57,0.7568,1,0,74
513,6,0,0,2,1,-6.86,0.7563,1,0,74
514,8,0,0,2,1,-7.03,0.7559,1,0,74
515,5,0,0,2,1,-6.35,0.7554,1,0,74
516,8,0,0,1,1,-6.43,0.7549,1,0,74
517,8,0,0,3,1,-6.73,0.7544,1,0,74
518,7,0,0,3,1,-5.57,0.754,1,0,74
519,7,0,0,3,1,-5.62,0.7535,1,0,74
520,6,0,0,3,1,-5.61,0.753,1,0,74
521,6,0,0,3,1,-5.16,0.7525,1,0,74
522,7,0,0,5,1,-3.87,0.752,1,0,74
523,10,0,0,2,1,-6.4,0.7516,1,0,74
524,7,0,0,3,1,-6.57,0.7511,1,0,74
525,8,0,0,2,1,-5.88,0.7506,1,0,74
526,14,0,0,4,1,-5.44,0.7501,1,0,74
527,14,0,0,4,2,-7.09,0.7497,1,0,74
528,6,0,0,3,1,-4.76,0.7492,1,0,74
529,15,0,0,7,2,-5.45,0.7487,1,0,74
530,11,0,0,2,1,-6.61,0.7483,1,0,74
531,7,0,0,4,1,-5.27,0.7478,1,0,74
532,6,0,0,3,1,-5.11,0.7473,1,0,74
533,5,0,0,2,1,-4.95,0.7468,1,0,74
534,17,0,0,5,2,-6.12,0.7464,1,0,74
535,30,2,2,9,3,-5.8,0.7459,1,0,75
536,6,0,0,3,1,-4.56,0.7454,1,0,75
537,12,0,0,1,1,-7.32,0.7449,1,0,75
538,5,0,0,3,1,-5.2,0.7445,1,0,75
539,21,0,0,3,1,-10.66,0.744,1,0,75
540,13,0,0,3,1,-7.63,0.7435,1,0,75
541,7,0,0,3,1,-5.42,0.743,1,0,75
542,7,0,0,5,1,-4.32,0.7426,1,0,75
543,7,0,0,2,1,-5.42,0.7421,1,0,75
544,11,0,0,2,1,-7.46,0.7416,1,0,75
545,6,0,0,2,1,-5.41,0.7411,1,0,75
546,15,0,0,3,1,-6.5,0.7407,1,0,75
547,14,0,0,3,1,-8.84,0.7402,1,0,75
548,14,0,0,3,1,-6.84,0.7397,1,0,75
549,9,0,0,2,1,-7.49,0.7392,1,0,75
550,8,0,0,3,1,-6.38,0.7388,1,0,75
551,5,0,0,3,1,-5.45,0.7383,1,0,75
552,5,0,0,4,1,-4.6,0.7378,1,0,75
553,10,0,0,4,1,-5.9,0.7373,1,0,75
554,11,0,0,1,1,-7.46,0.7369,1,0,75
555,9,0,0,3,1,-5.74,0.7364,1,0,75
556,11,0,0,3,1,-6.76,0.7359,1,0,75
557,28,0,0,8,2,-8.78,0.7354,1,0,75
558,7,0,0,4,1,-4.77,0.7349,1,0,75
559,8,0,0,6,1,-4.13,0.7345,1,0,75
560,9,0,0,3,1,-6.04,0.734,1,0,75
561,7,0,0,4,1,-5.37,0.7335,1,0,75
562,5,0,0,4,1,-4.7,0.733,1,0,75
563,14,0,0,1,1,-10.39,0.7326,1,0,75
564,16,0,0,4,2,-7.01,0.7321,1,0,75
565,6,0,0,3,1,-5.26,0.7316,1,0,75
566,7,0,0,2,1,-5.92,0.7311,1,0,75
567,10,0,0,3,1,-7.6,0.7307,1,0,75
568,23,0,0,5,3,-7.63,0.7302,1,0,75
569,15,0,0,6,2,-5.9,0.7297,1,0,75
570,9,0,0,2,1,-7.39,0.7292,1,0,75
571,7,0,0,3,1,-5.67,0.7288,1,0,75
572,5,0,0,3,1,-5.45,0.7283,1,0,75
573,7,0,0,3,1,-6.12,0.7278,1,0,75
574,6,0,0,2,1,-4.31,0.7274,1,0,75
575,14,0,0,3,1,-8.74,0.7269,1,0,75
576,5,0,0,4,1,-5.15,0.7264,1,0,75
577,6,0,0,2,1,-5.46,0.7259,1,0,75
578,14,0,0,5,1,-5.84,0.7255,1,0,75
579,8,0,0,6,1,-4.18,0.725,1,0,75
580,8,0,0,2,1,-5.98,0.7245,1,0,75
581,6,0,0,2,1,-5.41,0.724,1,0,75
582,8,0,0,2,1,-4.88,0.7236,1,0,75
583,6,0,0,3,1,-5.01,0.7231,1,0,75
584,11,0,0,2,1,-6.86,0.7226,1,0,75
585,20,0,0,7,2,-5.95,0.7221,1,0,75
586,18,0,0,3,2,-6.68,0.7217,1,0,75
587,10,0,0,2,1,-7.0,0.7212,1,0,75
588,6,0,0,3,1,-4.56,0.7207,1,0,75
589,6,0,0,4,1,-5.21,0.7202,1,0,75
590,7,0,0,2,1,-5.12,0.7198,1,0,75
591,7,0,0,3,1,-6.17,0.7193,1,0,75
592,11,0,0,3,1,-6.31,0.7188,1,0,75
593,8,0,0,3,1,-5.43,0.7183,1,0,75
594,15,0,0,8,2,-5.15,0.7179,1,0,75
595,7,0,0,2,1,-5.57,0.7174,1,0,75
596,7,0,0,5,1,-3.82,0.7169,1,0,75
597,9,0,0,3,1,-5.54,0.7164,1,0,75
598,39,1,1,6,2,-10.34,0.716,1,0,75
599,5,0,0,3,1,-5.2,0.7155,1,0,75
600,10,0,0,6,1,-5.1,0.715,1,0,75
601,6,0,0,3,1,-5.01,0.7145,1,0,75
602,32,0,0,3,2,-9.07,0.7141,1,0,75
603,6,0,0,3,1,-5.21,0.7136,1,0,75
604,13,0,0,4,1,-5.98,0.7131,1,0,75
605,6,0,0,3,1,-4.66,0.7126,1,0,75
606,11,0,0,2,1,-6.16,0.7122,1,0,75
607,15,0,0,3,1,-8.1,0.7117,1,0,75
608,7,0,0,5,1,-4.52,0.7112,1,0,75
609,6,0,0,2,1,-5.41,0.7107,1,0,75
610,8,0,0,3,1,-6.48,0.7103,1,0,75
611,14,0,0,5,2,-6.34,0.7098,1,0,75
612,23,1,1,7,3,-5.63,0.7093,1,0,75
613,6,0,0,3,1,-5.41,0.7088,1,0,75
614,6,0,0,4,1,-4.31,0.7084,1,0,75
615,8,0,0,3,1,-6.23,0.7079,1,0,75
616,8,0,0,2,1,-5.88,0.7074,1,0,75
617,15,0,0,7,2,-4.6,0.7069,1,0,75
618,7,0,0,2,1,-5.57,0.7065,1,0,75
619,21,0,0,6,2,-7.41,0.706,1,0,75
620,26,1,1,4,2,-7.36,0.7055,1,0,75
621,11,0,0,2,1,-8.56,0.705,1,0,75
622,5,0,0,4,1,-4.45,0.7046,1,0,75
623,7,0,0,2,1,-5.92,0.7041,1,0,75
624,6,0,0,2,1,-4.61,0.7036,1,0,75
625,8,0,0,2,1,-7.03,0.7031,1,0,75
626,8,0,0,3,1,-5.68,0.7026,1,0,75
627,24,0,0,6,2,-6.04,0.7022,1,0,75
628,7,0,0,5,1,-4.52,0.7017,1,0,75
629,21,1,1,4,2,-5.16,0.7012,1,0,77
630,15,0,0,6,2,-5.1,0.7007,1,0,77
631,6,0,0,3,1,-5.46,0.7003,1,0,77
632,6,0,0,4,1,-4.96,0.6998,1,0,77
633,17,0,0,6,1,-5.77,0.6993,1,0,77
634,8,0,0,3,1,-5.03,0.6988,1,0,77
635,9,0,0,6,1,-5.74,0.6984,1,0,77
636,8,0,0,2,1,-7.38,0.6979,1,0,77
637,9,0,0,3,1,-5.84,0.6974,1,0,77
638,6,0,0,3,1,-5.11,0.6969,1,0,77
639,8,0,0,1,1,-6.28,0.6965,1,0,77
640,5,0,0,4,1,-4.6,0.696,1,0,77
641,9,0,0,6,1,-5.99,0.6955,1,0,77
642,7,0,0,3,1,-5.52,0.695,1,0,77
643,10,0,0,2,1,-6.9,0.6946,1,0,77
644,19,0,0,4,2,-9.54,0.6941,1,0,77
645,5,0,0,4,1,-4.25,0.6936,1,0,77
646,6,0,0,3,1,-5.71,0.6931,1,0,77
647,9,0,0,2,1,-6.49,0.6927,1,0,77
648,8,0,0,3,1,-5.58,0.6922,1,0,77
649,10,0,0,3,1,-6.15,0.6917,1,0,77
650,14,0,0,4,2,-5.84,0.6913,1,0,77
651,7,0,0,4,1,-4.77,0.6908,1,0,77
652,6,0,0,2,1,-5.51,0.6903,1,0,77
653,7,0,0,3,1,-6.12,0.6898,1,0,77
654,5,0,0,4,1,-5.25,0.6894,1,0,77
655,5,0,0,3,1,-5.65,0.6889,1,0,77
656,6,0,0,2,1,-5.86,0.6884,1,0,77
657,8,0,0,2,1,-6.93,0.6879,1,0,77
658,28,0,0,6,2,-8.53,0.6875,1,0,77
659,5,0,0,3,1,-5.45,0.687,1,0,77
660,47,0,0,9,4,-9.07,0.6865,1,0,81
661,14,0,0,4,2,-7.04,0.686,1,0,81
662,9,0,0,2,1,-5.59,0.6855,1,0,81
663,18,0,0,5,2,-7.13,0.6851,1,0,81
664,7,0,0,2,1,-5.62,0.6846,1,0,81
665,9,0,0,2,1,-7.44,0.6841,1,0,81
666,5,0,0,4,1,-4.9,0.6836,1,0,81
667,7,0,0,2,1,-5.47,0.6832,1,0,81
668,13,0,0,3,1,-5.58,0.6827,1,0,81
669,11,0,0,3,1,-6.46,0.6822,1,0,81
670,9,0,0,3,1,-5.29,0.6818,1,0,81
671,6,0,0,2,1,-6.36,0.6813,1,0,81
672,9,0,0,2,1,-5.44,0.6808,1,0,81
673,22,0,0,5,2,-8.67,0.6803,1,0,81
674,14,0,0,2,1,-7.04,0.6799,1,0,81
675,5,0,0,1,1,-5.75,0.6794,1,0,81
676,6,0,0,3,1,-5.21,0.6789,1,0,81
677,8,0,0,1,1,-6.78,0.6784,1,0,81
678,9,0,0,3,1,-6.54,0.678,1,0,81
679,5,0,0,3,1,-5.55,0.6775,1,0,81
680,7,0,0,2,1,-6.07,0.677,1,0,81
681,9,0,0,3,1,-6.59,0.6765,1,0,81
682,5,0,0,3,1,-4.55,0.6761,1,0,81
683,12,0,0,3,1,-7.22,0.6756,1,0,81
684,26,0,0,10,3,-6.21,0.6751,1,0,81
685,5,0,0,4,1,-5.3,0.6746,1,0,81
686,6,0,0,1,1,-6.26,0.6742,1,0,81
687,7,0,0,2,1,-6.37,0.6737,1,0,81
688,5,0,0,4,1,-4.7,0.6732,1,0,81
689,6,0,0,4,1,-5.46,0.6727,1,0,81
690,5,0,0,4,1,-4.9,0.6723,1,0,81
691,5,0,0,2,1,-4.95,0.6718,1,0,81
692,20,0,0,5,2,-8.75,0.6713,1,0,81
693,7,0,0,2,1,-5.47,0.6708,1,0,81
694,9,0,0,3,1,-5.54,0.6704,1,0,81
695,15,0,0,6,2,-5.65,0.6699,1,0,81
696,7,0,0,3,1,-4.97,0.6694,1,0,81
697,17,0,0,3,1,-7.77,0.6689,1,0,81
698,6,0,0,3,1,-4.76,0.6684,1,0,81
699,6,0,0,3,1,-4.66,0.668,1,0,81
700,19,0,0,4,2,-8.59,0.6675,1,0,81
701,8,0,0,5,1,-4.98,0.667,1,0,81
702,18,0,0,6,2,-6.28,0.6665,1,0,81
703,9,0,0,3,1,-7.04,0.6661,1,0,81
704,7,0,0,3,1,-4.97,0.6656,1,0,81
705,11,0,0,4,1,-5.86,0.6651,1,0,81
706,6,0,0,2,1,-5.41,0.6646,1,0,81
707,21,0,0,6,2,-7.56,0.6642,1,0,81
708,6,0,0,0,1,-6.16,0.6637,1,0,81
709,8,0,0,2,1,-5.88,0.6632,1,0,81
710,12,0,0,2,1,-7.57,0.6627,1,0,81
711,7,0,0,2,1,-5.47,0.6623,1,0,81
712,10,0,0,6,1,-4.65,0.6618,1,0,81
713,8,0,0,2,1,-5.53,0.6613,1,0,81
714,7,0,0,2,1,-6.47,0.6609,1,0,81
715,6,0,0,3,1,-6.06,0.6604,1,0,81
716,37,0,0,3,3,-10.72,0.6599,1,0,85
717,10,0,0,6,1,-5.8,0.6594,1,0,85
718,12,0,0,3,1,-6.82,0.659,1,0,85
719,7,0,0,2,1,-5.92,0.6585,1,0,85
720,14,0,0,3,1,-6.94,0.658,1,0,85
721,7,0,0,2,1,-5.82,0.6575,1,0,85
722,6,0,0,3,1,-5.21,0.6571,1,0,85
723,15,0,0,8,2,-4.7,0.6566,1,0,85
724,6,0,0,2,1,-5.51,0.6561,1,0,85
725,7,0,0,3,1,-6.67,0.6556,1,0,85
726,14,0,0,9,2,-5.04,0.6552,1,0,86
727,6,0,0,2,1,-6.01,0.6547,1,0,86
728,10,0,0,2,1,-6.2,0.6542,1,0,86
729,26,1,1,9,3,-5.66,0.6537,1,0,86
730,7,0,0,3,1,-5.62,0.6532,1,0,86
731,82,1,1,8,7,-13.62,0.6528,1,0,88
732,8,0,0,3,1,-6.03,0.6523,1,0,88
733,29,1,1,8,4,-8.09,0.6518,1,0,88
734,8,0,0,3,1,-5.73,0.6514,1,0,88
735,18,0,0,5,2,-6.78,0.6509,1,0,88
736,5,0,0,4,1,-5.25,0.6504,1,0,88
737,16,0,0,6,2,-4.26,0.6499,1,0,88
738,13,0,0,4,2,-6.08,0.6495,1,0,88
739,9,0,0,4,1,-5.84,0.649,1,0,88
740,11,0,0,2,1,-6.21,0.6485,1,0,88
741,16,0,0,7,2,-5.76,0.648,1,0,88
742,11,0,0,2,1,-6.96,0.6476,1,0,88
743,6,0,0,4,1,-5.41,0.6471,1,0,88
744,37,0,0,11,3,-5.67,0.6466,1,0,88
745,16,0,0,3,2,-6.61,0.6461,1,0,88
746,27,0,0,9,3,-6.92,0.6457,1,0,88
747,8,0,0,2,1,-5.98,0.6452,1,0,88
748,11,0,0,3,1,-5.66,0.6447,1,0,88
749,17,0,0,6,2,-6.42,0.6442,1,0,88
750,5,0,0,4,1,-4.6,0.6438,1,0,88
751,8,0,0,2,1,-5.98,0.6433,1,0,88
752,6,0,0,3,1,-5.51,0.6428,1,0,88
753,14,0,0,3,2,-6.84,0.6423,1,0,88
754,10,0,0,6,1,-4.25,0.6419,1,0,88
755,7,0,0,3,1,-4.42,0.6414,1,0,88
756,9,0,0,3,1,-6.19,0.6409,1,0,88
757,10,0,0,3,1,-6.6,0.6404,1,0,88
758,33,3,3,12,3,-2.18,0.64,1,0,88
759,5,0,0,3,1,-5.1,0.6395,1,0,88
760,5,0,0,4,1,-4.45,0.639,1,0,88
761,5,0,0,2,1,-5.85,0.6385,1,0,88
762,18,0,0,5,2,-6.18,0.6381,1,0,88
763,7,0,0,3,1,-5.17,0.6376,1,0,88
764,9,0,0,1,1,-6.89,0.6371,1,0,88
765,17,0,0,6,2,-6.32,0.6366,1,0,88
766,7,0,0,5,1,-4.92,0.6361,1,0,88
767,7,0,0,4,1,-4.72,0.6357,1,0,88
768,9,0,0,2,1,-6.54,0.6352,1,0,88
769,13,0,0,2,1,-7.13,0.6347,1,0,88
770,16,0,0,3,1,-7.66,0.6342,1,0,88
771,14,0,0,8,2,-5.04,0.6338,1,0,88
772,8,0,0,3,1,-5.68,0.6333,1,0,88
773,9,0,0,5,1,-5.44,0.6328,1,0,88
774,15,0,0,3,1,-6.75,0.6323,1,0,88
775,12,0,0,3,1,-5.82,0.6319,1,0,88
776,5,0,0,2,1,-4.85,0.6314,1,0,88
777,6,0,0,4,1,-5.21,0.6309,1,0,88
778,5,0,0,3,1,-4.75,0.6304,1,0,88
779,6,0,0,3,1,-4.21,0.63,1,0,88
780,6,0,0,3,1,-4.76,0.6295,1,0,88
781,6,0,0,3,1,-5.01,0.629,1,0,88
782,40,1,1,9,4,-7.4,0.6285,1,0,89
783,7,0,0,2,1,-5.82,0.6281,1,0,89
784,13,0,0,3,1,-6.43,0.6276,1,0,89
785,11,0,0,2,1,-6.66,0.6271,1,0,89
786,10,0,0,2,1,-5.65,0.6266,1,0,89
787,28,2,2,8,3,-6.43,0.6262,1,0,89
788,13,0,0,5,2,-6.08,0.6257,1,0,89
789,8,0,0,2,1,-5.13,0.6252,1,0,89
790,17,0,0,4,2,-7.47,0.6248,1,0,89
791,8,0,0,3,1,-5.38,0.6243,1,0,89
792,6,0,0,2,1,-5.56,0.6238,1,0,89
793,8,0,0,2,1,-6.53,0.6233,1,0,89
794,13,0,0,9,2,-3.88,0.6229,1,0,89
795,8,0,0,3,1,-5.13,0.6224,1,0,89
796,6,0,0,3,1,-5.46,0.6219,1,0,89
797,7,0,0,3,1,-5.07,0.6214,1,0,89
798,9,0,0,3,1,-5.29,0.621,1,0,89
799,16,0,0,7,2,-5.61,0.6205,1,0,89
800,5,0,0,3,1,-5.45,0.62,1,0,89
801,10,0,0,3,1,-6.15,0.6195,1,0,89
802,8,0,0,2,1,-6.53,0.619,1,0,89
803,6,0,0,2,1,-5.86,0.6186,1,0,89
804,8,0,0,3,1,-4.68,0.6181,1,0,89
805,7,0,0,3,1,-6.12,0.6176,1,0,89
806,6,0,0,2,1,-5.46,0.6171,1,0,89
807,6,0,0,2,1,-5.31,0.6167,1,0,89
808,6,0,0,3,1,-5.11,0.6162,1,0,89
809,5,0,0,2,1,-5.45,0.6157,1,0,89
810,8,0,0,3,1,-6.23,0.6153,1,0,89
811,9,0,0,3,1,-6.59,0.6148,1,0,89
812,6,0,0,3,1,-5.96,0.6143,1,0,89
813,7,0,0,2,1,-5.82,0.6138,1,0,89
814,7,0,0,2,1,-5.47,0.6134,1,0,89
815,30,0,0,2,2,-9.25,0.6129,1,0,89
816,5,0,0,4,1,-5.35,0.6124,1,0,89
817,13,0,0,6,2,-6.73,0.6119,1,0,89
818,6,0,0,2,1,-5.56,0.6115,1,0,89
819,6,0,0,2,1,-5.91,0.611,1,0,89
820,10,0,0,4,1,-5.25,0.6105,1,0,89
821,21,0,0,4,2,-9.16,0.61,1,0,89
822,9,0,0,3,1,-4.74,0.6096,1,0,89
823,5,0,0,2,1,-4.95,0.6091,1,0,89
824,7,0,0,3,1,-6.07,0.6086,1,0,89
825,5,0,0,4,1,-4.25,0.6081,1,0,89
826,8,0,0,2,1,-5.43,0.6077,1,0,89
827,6,0,0,3,1,-5.16,0.6072,1,0,89
828,6,0,0,2,1,-5.56,0.6067,1,0,89
829,8,0,0,2,1,-5.33,0.6062,1,0,89
830,11,0,0,4,1,-5.41,0.6058,1,0,89
831,15,0,0,5,2,-6.55,0.6053,1,0,89
832,12,0,0,6,1,-5.72,0.6048,1,0,89
833,14,0,0,5,2,-5.54,0.6043,1,0,89
834,6,0,0,2,1,-5.51,0.6038,1,0,89
835,8,0,0,3,1,-5.53,0.6034,1,0,89
836,16,0,0,6,2,-6.36,0.6029,1,0,89
837,13,0,0,6,2,-5.28,0.6024,1,0,89
838,13,0,0,5,2,-6.13,0.6019,1,0,89
839,12,0,0,3,1,-5.67,0.6015,1,0,89
840,16,1,1,3,2,-6.06,0.601,1,0,89
841,5,0,0,2,1,-4.95,0.6005,1,0,89
842,7,0,0,2,1,-4.47,0.6,1,0,89
843,7,0,0,3,1,-5.52,0.5996,1,0,89
844,7,0,0,3,1,-5.07,0.5991,1,0,89
845,11,0,0,3,1,-7.16,0.5986,1,0,89
846,14,0,0,4,1,-5.49,0.5981,1,0,89
847,6,0,0,3,1,-5.11,0.5977,1,0,89
848,9,0,0,3,1,-6.09,0.5972,1,0,89
849,6,0,0,2,1,-5.31,0.5967,1,0,89
850,6,0,0,3,1,-5.16,0.5962,1,0,89
851,9,0,0,3,1,-5.44,0.5958,1,0,89
852,9,0,0,2,1,-6.14,0.5953,1,0,89
853,5,0,0,2,1,-4.85,0.5948,1,0,89
854,7,0,0,3,1,-5.47,0.5944,1,0,89
855,19,2,2,3,2,-5.24,0.5939,1,0,90
856,6,0,0,2,1,-5.76,0.5934,1,0,90
857,20,0,0,6,2,-6.5,0.5929,1,0,90
858,29,1,1,11,3,-5.44,0.5925,1,0,90
859,5,0,0,4,1,-5.25,0.592,1,0,90
860,5,0,0,3,1,-5.65,0.5915,1,0,90
861,17,0,0,5,2,-6.07,0.591,1,0,90
862,6,0,0,3,1,-5.01,0.5906,1,0,90
863,14,0,0,5,2,-6.54,0.5901,1,0,90
864,27,0,0,5,2,-8.72,0.5896,1,0,90
865,6,0,0,3,1,-4.56,0.5891,1,0,90
866,5,0,0,4,1,-4.6,0.5887,1,0,90
867,5,0,0,0,1,-5.6,0.5882,1,0,90
868,8,0,0,2,1,-6.53,0.5877,1,0,90
869,6,0,0,3,1,-5.11,0.5872,1,0,90
870,9,0,0,2,1,-5.14,0.5867,1,0,90
871,16,0,0,8,2,-5.31,0.5863,1,0,90
872,13,0,0,5,2,-6.53,0.5858,1,0,90
873,6,0,0,3,1,-5.56,0.5853,1,0,90
874,5,0,0,2,1,-4.35,0.5849,1,0,90
875,24,0,1,8,3,-4.39,0.5844,1,0,90
876,15,0,0,5,2,-6.1,0.5839,1,0,90
877,37,1,1,12,4,-4.37,0.5834,1,0,90
878,9,0,0,3,1,-5.74,0.583,1,0,90
879,6,0,0,2,1,-5.41,0.5825,1,0,90
880,46,1,1,7,3,-6.71,0.582,1,0,92
881,12,0,0,5,1,-4.57,0.5815,1,0,92
882,5,0,0,4,1,-4.8,0.5811,1,0,92
883,15,0,0,5,2,-6.55,0.5806,1,0,92
884,20,0,0,5,2,-6.6,0.5801,1,0,92
885,19,0,0,6,2,-6.09,0.5796,1,0,92
886,5,0,0,4,1,-4.7,0.5792,1,0,92
887,20,0,0,5,2,-7.6,0.5787,1,0,92
888,6,0,0,2,1,-5.41,0.5782,1,0,92
889,13,0,0,6,2,-4.78,0.5777,1,0,92
890,18,0,0,3,2,-8.23,0.5773,1,0,92
891,17,0,0,8,2,-4.57,0.5768,1,0,92
892,5,0,0,1,1,-4.8,0.5763,1,0,92
893,6,0,0,1,1,-5.81,0.5758,1,0,92
894,11,0,0,3,1,-7.61,0.5754,1,0,92
895,8,0,0,4,1,-5.38,0.5749,1,0,92
896,6,0,0,3,1,-4.66,0.5744,1,0,92
897,11,0,0,2,1,-6.16,0.5739,1,0,92
898,6,0,0,3,1,-4.66,0.5735,1,0,92
899,13,0,0,5,2,-5.58,0.573,1,0,92
900,5,0,0,3,1,-5.4,0.5725,1,0,92
901,10,0,0,2,1,-6.4,0.572,1,0,92
902,6,0,0,3,1,-5.61,0.5716,1,0,92
903,6,0,0,4,1,-5.16,0.5711,1,0,92
904,24,0,0,5,2,-8.09,0.5706,1,0,92
905,7,0,0,2,1,-5.92,0.5701,1,0,92
906,7,0,0,3,1,-5.97,0.5696,1,0,92
907,23,0,0,4,3,-8.58,0.5692,1,0,93
908,7,0,0,2,1,-5.82,0.5687,1,0,93
909,14,0,0,7,2,-4.79,0.5682,1,0,93
910,7,0,0,5,1,-3.87,0.5677,1,0,93
911,8,0,0,3,1,-6.03,0.5673,1,0,93
912,6,0,0,2,1,-5.51,0.5668,1,0,93
913,5,0,0,2,1,-5.5,0.5663,1,0,93
914,6,0,0,2,1,-4.96,0.5658,1,0,93
915,11,0,0,2,1,-7.96,0.5654,1,0,93
916,11,0,0,3,1,-5.26,0.5649,1,0,93
917,5,0,0,3,1,-4.7,0.5644,1,0,93
918,8,0,0,3,1,-5.58,0.5639,1,0,93
919,26,1,1,10,3,-6.26,0.5635,1,0,93
920,15,0,0,3,2,-5.7,0.563,1,0,93
921,7,0,0,6,1,-3.97,0.5625,1,0,93
922,6,0,0,3,1,-5.61,0.562,1,0,93
923,31,0,0,6,3,-7.66,0.5616,1,0,94
924,9,0,0,1,1,-6.89,0.5611,1,0,94
925,17,0,0,8,2,-6.17,0.5606,1,0,94
926,6,0,0,2,1,-4.86,0.5601,1,0,94
927,14,0,0,6,2,-6.34,0.5597,1,0,94
928,14,0,0,6,2,-4.44,0.5592,1,0,94
929,6,0,0,3,1,-4.66,0.5587,1,0,94
930,13,0,0,4,2,-5.08,0.5583,1,0,94
931,8,0,0,3,1,-5.63,0.5578,1,0,94
932,20,0,0,7,2,-6.9,0.5573,1,0,94
933,21,0,0,9,2,-5.36,0.5568,1,0,94
934,6,0,0,1,1,-5.26,0.5564,1,0,94
935,13,0,0,3,1,-6.63,0.5559,1,0,94
936,7,0,0,2,1,-6.02,0.5554,1,0,94
937,10,0,0,2,1,-6.05,0.5549,1,0,94
938,9,0,0,3,1,-5.74,0.5545,1,0,94
939,6,0,0,3,1,-5.16,0.554,1,0,94
940,5,0,0,4,1,-4.7,0.5535,1,0,94
941,9,0,0,2,1,-5.14,0.553,1,0,94
942,24,2,2,9,3,-3.19,0.5526,1,0,94
943,8,0,0,3,1,-5.13,0.5521,1,0,94
944,6,0,0,3,1,-5.16,0.5516,1,0,94
945,5,0,0,2,1,-5.35,0.5511,1,0,94
946,12,0,0,3,1,-6.17,0.5507,1,0,94
947,10,0,0,3,1,-5.05,0.5502,1,0,94
948,9,0,0,2,1,-6.59,0.5497,1,0,94
949,7,0,0,2,1,-6.02,0.5492,1,0,94
950,10,0,0,3,1,-5.65,0.5488,1,0,94
951,14,0,0,6,2,-4.69,0.5483,1,0,94
952,9,0,0,3,1,-5.64,0.5478,1,0,94
953,14,0,0,9,2,-4.54,0.5473,1,0,94
954,34,0,0,6,3,-8.49,0.5469,1,0,94
955,63,2,2,10,5,-5.08,0.5464,1,0,94
956,7,0,0,3,1,-5.02,0.5459,1,0,94
957,19,0,0,9,2,-4.19,0.5454,1,0,94
958,6,0,0,2,1,-5.01,0.545,1,0,94
959,14,0,0,6,2,-5.24,0.5445,1,0,94
960,8,0,0,5,1,-5.48,0.544,1,0,94
961,7,0,0,5,1,-4.47,0.5435,1,0,94
962,28,0,0,7,3,-7.03,0.5431,1,0,94
963,15,0,0,9,2,-5.5,0.5426,1,0,94
964,17,0,0,7,2,-6.12,0.5421,1,0,94
965,24,2,2,8,3,-4.29,0.5416,1,0,94
966,6,0,0,4,1,-5.76,0.5412,1,0,94
967,7,0,0,3,1,-5.62,0.5407,1,0,94
968,6,0,0,2,1,-5.31,0.5402,1,0,94
969,6,0,0,2,1,-4.96,0.5397,1,0,94
970,5,0,0,4,1,-4.4,0.5393,1,0,94
971,6,0,0,1,1,-5.81,0.5388,1,0,94
972,6,0,0,2,1,-4.91,0.5383,1,0,94
973,6,0,0,2,1,-5.96,0.5378,1,0,94
974,7,0,0,4,1,-4.72,0.5373,1,0,94
975,5,0,0,3,1,-4.55,0.5369,1,0,94
976,6,0,0,3,1,-5.86,0.5364,1,0,94
977,18,0,0,4,2,-7.03,0.5359,1,0,94
978,37,2,2,12,3,-6.12,0.5354,1,0,94
979,27,1,1,8,3,-6.57,0.535,1,0,94
980,16,0,0,4,2,-6.96,0.5345,1,0,94
981,31,1,1,9,4,-4.81,0.534,1,0,95
982,5,0,0,2,1,-4.85,0.5335,1,0,95
983,22,0,0,7,2,-5.72,0.5331,1,0,95
984,5,0,0,3,1,-4.65,0.5326,1,0,95
985,8,0,0,2,1,-6.43,0.5321,1,0,95
986,7,0,0,2,1,-5.97,0.5316,1,0,95
987,5,0,0,4,1,-4.5,0.5312,1,0,95
988,7,0,0,2,1,-4.57,0.5307,1,0,95
989,6,0,0,3,1,-4.61,0.5302,1,0,95
990,13,0,0,5,2,-5.23,0.5297,1,0,95
991,7,0,0,2,1,-6.52,0.5293,1,0,95
992,8,0,0,6,1,-3.88,0.5288,1,0,95
993,7,0,0,2,1,-5.82,0.5283,1,0,95
994,7,0,0,2,1,-5.82,0.5279,1,0,95
995,9,0,0,3,1,-6.64,0.5274,1,0,95
996,9,0,0,2,1,-5.84,0.5269,1,0,95
997,13,0,0,5,2,-4.83,0.5264,1,0,95
998,23,0,0,6,3,-6.93,0.526,1,0,96
999,6,0,0,3,1,-5.21,0.5255,1,0,96
1000,7,0,0,2,1,-5.47,0.525,1,0,96
1001,7,0,0,3,1,-5.17,0.5245,1,0,96
1002,28,0,0,8,2,-5.18,0.5241,1,0,96
1003,6,0,0,3,1,-5.21,0.5236,1,0,96
1004,13,0,0,6,2,-7.13,0.5231,1,0,96
1005,7,0,0,2,1,-5.92,0.5226,1,0,96
1006,6,0,0,2,1,-5.51,0.5222,1,0,96
1007,14,0,0,7,2,-4.89,0.5217,1,0,96
1008,14,0,0,6,2,-6.74,0.5212,1,0,96
1009,33,0,0,5,3,-7.03,0.5207,1,0,96
1010,29,0,0,11,3,-5.09,0.5203,1,0,96
1011,14,0,0,6,2,-5.34,0.5198,1,0,96
1012,6,0,0,3,1,-4.66,0.5193,1,0,96
1013,13,0,0,4,2,-6.43,0.5188,1,0,96
1014,14,0,0,4,2,-5.74,0.5184,1,0,96
1015,8,0,0,3,1,-5.03,0.5179,1,0,96
1016,14,0,0,7,2,-5.74,0.5174,1,0,96
1017,6,0,0,3,1,-5.56,0.5169,1,0,96
1018,129,0,0,10,8,-19.24,0.5165,1,0,96
1019,11,0,0,3,1,-6.06,0.516,1,0,96
1020,5,0,0,3,1,-4.15,0.5155,1,0,96
1021,6,0,0,2,1,-5.86,0.515,1,0,96
1022,41,0,0,2,2,-9.46,0.5146,1,0,96
1023,6,0,0,3,1,-4.96,0.5141,1,0,96
1024,6,0,0,1,1,-6.31,0.5136,1,0,96
1025,7,0,0,3,1,-5.07,0.5131,1,0,96
1026,12,0,0,2,1,-5.57,0.5127,1,0,96
1027,16,0,0,6,2,-5.71,0.5122,1,0,96
1028,17,0,0,5,2,-7.12,0.5117,1,0,96
1029,16,0,0,9,2,-2.61,0.5112,1,0,96
1030,13,0,0,6,2,-6.53,0.5108,1,0,96
1031,7,0,0,3,1,-5.52,0.5103,1,0,96
1032,14,0,0,4,2,-4.79,0.5098,1,0,96
1033,15,0,0,4,2,-6.9,0.5093,1,0,96
1034,17,0,0,8,2,-3.97,0.5089,1,0,96
1035,7,0,0,4,1,-4.57,0.5084,1,0,96
1036,5,0,0,2,1,-5.35,0.5079,1,0,96
1037,12,0,0,3,1,-7.87,0.5074,1,0,96
1038,6,0,0,2,1,-5.51,0.507,1,0,96
1039,17,0,0,3,2,-6.32,0.5065,1,0,96
1040,8,0,0,3,1,-6.03,0.506,1,0,96
1041,35,0,0,6,3,-7.05,0.5055,1,0,96
1042,16,0,0,4,2,-7.01,0.505,1,0,96
1043,6,0,0,3,1,-5.01,0.5046,1,0,96
1044,7,0,0,2,1,-6.07,0.5041,1,0,96
1045,6,0,0,2,1,-5.46,0.5036,1,0,96
1046,8,0,0,3,1,-5.13,0.5031,1,0,96
1047,14,0,0,6,2,-6.79,0.5027,1,0,96
1048,6,0,0,2,1,-4.41,0.5022,1,0,96
1049,15,0,0,4,2,-5.9,0.5017,1,0,96
1050,14,0,0,9,2,-4.84,0.5012,1,0,96
1051,16,0,0,2,2,-5.71,0.5008,1,0,96
1052,6,0,0,3,1,-4.56,0.5003,1,0,96
1053,5,0,0,3,1,-4.35,0.4998,1,0,96
1054,6,0,0,3,1,-4.56,0.4993,1,0,96
1055,5,0,0,4,1,-4.0,0.4989,1,0,96
1056,30,0,0,6,3,-7.1,0.4984,1,0,96
1057,5,0,0,3,1,-4.55,0.4979,1,0,96
1058,6,0,0,3,1,-5.11,0.4974,1,0,96
1059,14,0,0,4,2,-6.74,0.497,1,0,96
1060,22,0,0,8,3,-6.62,0.4965,1,0,96
1061,6,0,0,3,1,-5.66,0.496,1,0,96
1062,16,0,0,7,2,-4.46,0.4956,1,0,96
1063,18,0,0,5,2,-6.28,0.4951,1,0,96
1064,6,0,0,3,1,-5.11,0.4946,1,0,96
1065,9,0,0,6,1,-4.69,0.4941,1,0,96
1066,6,0,0,3,1,-4.66,0.4937,1,0,96
1067,5,0,0,4,1,-4.15,0.4932,1,0,96
1068,7,0,0,3,1,-5.62,0.4927,1,0,96
1069,42,2,2,8,4,-7.02,0.4922,1,0,96
1070,10,0,0,2,1,-6.0,0.4918,1,0,96
1071,64,1,1,14,5,-5.49,0.4913,1,0,96
1072,5,0,0,4,1,-4.7,0.4908,1,0,96
1073,5,0,0,3,1,-5.2,0.4903,1,0,96
1074,7,0,0,2,1,-6.47,0.4899,1,0,96
1075,14,0,0,7,2,-5.19,0.4894,1,0,96
1076,14,0,0,6,2,-5.89,0.4889,1,0,96
1077,8,0,0,2,1,-6.08,0.4884,1,0,96
1078,6,0,0,2,1,-6.36,0.4879,1,0,96
1079,6,0,0,2,1,-4.96,0.4875,1,0,96
1080,17,0,0,7,2,-5.62,0.487,1,0,96
1081,5,0,0,3,1,-5.1,0.4865,1,0,96
1082,6,0,0,2,1,-5.41,0.486,1,0,96
1083,40,0,0,11,4,-5.45,0.4856,1,0,96
1084,13,0,0,7,2,-4.48,0.4851,1,0,96
1085,9,0,0,1,1,-6.89,0.4846,1,0,96
1086,29,2,2,10,3,-2.54,0.4841,1,0,96
1087,15,0,0,6,2,-3.95,0.4837,1,0,96
1088,10,0,0,3,1,-6.6,0.4832,1,0,96
1089,7,0,0,2,1,-5.92,0.4827,1,0,96
1090,8,0,0,3,1,-6.13,0.4822,1,0,96
1091,6,0,0,2,1,-5.41,0.4818,1,0,96
1092,48,0,0,13,3,-9.18,0.4813,1,0,96
1093,7,0,0,3,1,-5.17,0.4808,1,0,96
1094,7,0,0,3,1,-5.77,0.4803,1,0,96
1095,7,0,0,5,1,-3.47,0.4799,1,0,96
1096,13,0,0,7,2,-3.38,0.4794,1,0,96
1097,6,0,0,2,1,-5.06,0.4789,1,0,96
1098,6,0,0,2,1,-5.86,0.4784,1,0,96
1099,14,0,0,8,2,-4.74,0.478,1,0,96
1100,5,0,0,3,1,-6.05,0.4775,1,0,96
1101,7,0,0,3,1,-5.62,0.477,1,0,96
1102,7,0,0,1,1,-6.22,0.4766,1,0,96
1103,7,0,0,2,1,-6.27,0.4761,1,0,96
1104,16,0,0,5,2,-5.11,0.4756,1,0,96
1105,7,0,0,2,1,-5.92,0.4751,1,0,96
1106,61,2,2,24,6,-2.76,0.4747,1,0,96
1107,13,0,0,6,2,-5.48,0.4742,1,0,96
1108,17,0,0,2,1,-5.57,0.4737,1,0,96
1109,46,1,1,8,3,-7.91,0.4732,1,0,96
1110,6,0,0,2,1,-5.41,0.4728,1,0,96
1111,9,0,0,3,1,-5.29,0.4723,1,0,96
1112,6,0,0,2,1,-4.96,0.4718,1,0,96
1113,6,0,0,2,1,-5.86,0.4713,1,0,96
1114,20,0,0,5,2,-5.7,0.4708,1,0,96
1115,13,0,0,4,2,-6.83,0.4704,1,0,96
1116,13,0,0,6,2,-5.23,0.4699,1,0,96
1117,6,0,0,2,1,-5.46,0.4694,1,0,96
1118,15,0,0,9,2,-4.0,0.4689,1,0,96
1119,25,1,1,9,3,-5.9,0.4685,1,0,96
1120,31,0,0,6,3,-7.76,0.468,1,0,96
1121,16,0,0,8,2,-5.41,0.4675,1,0,96
1122,16,0,0,8,2,-4.66,0.467,1,0,96
1123,14,0,0,3,2,-5.69,0.4666,1,0,96
1124,9,0,0,4,1,-5.34,0.4661,1,0,96
1125,6,0,0,2,1,-4.96,0.4656,1,0,96
1126,7,0,0,1,1,-5.32,0.4652,1,0,96
1127,41,1,1,9,3,-8.06,0.4647,1,0,96
1128,18,0,0,2,1,-5.83,0.4642,1,0,96
1129,9,0,0,2,1,-5.74,0.4637,1,0,96
1130,6,0,0,3,1,-4.81,0.4633,1,0,96
1131,13,0,0,6,2,-5.73,0.4628,1,0,96
1132,8,0,0,1,1,-4.93,0.4623,1,0,96
1133,37,1,1,8,4,-5.77,0.4618,1,0,96
1134,9,0,0,3,1,-5.29,0.4614,1,0,96
1135,41,0,0,4,3,-8.76,0.4609,1,0,96
1136,7,0,0,5,1,-4.57,0.4604,1,0,96
1137,13,0,0,4,2,-6.38,0.4599,1,0,96
1138,39,3,3,9,4,-6.29,0.4595,1,0,96
1139,22,1,1,5,3,-5.07,0.459,1,0,96
1140,6,0,0,3,1,-5.21,0.4585,1,0,96
1141,14,0,0,5,2,-5.74,0.458,1,0,96
1142,10,0,0,2,1,-6.0,0.4576,1,0,96
1143,14,0,0,6,2,-5.39,0.4571,1,0,96
1144,11,0,0,1,1,-5.91,0.4566,1,0,96
1145,18,0,0,3,2,-8.93,0.4561,1,0,96
1146,9,0,0,4,1,-5.14,0.4557,1,0,96
1147,17,0,0,6,2,-5.77,0.4552,1,0,96
1148,17,0,0,6,2,-6.52,0.4547,1,0,96
1149,12,0,0,2,1,-7.02,0.4542,1,0,96
1150,7,0,0,5,1,-3.92,0.4538,1,0,96
1151,5,0,0,3,1,-5.1,0.4533,1,0,96
1152,14,0,0,7,2,-6.44,0.4528,1,0,96
1153,7,0,0,6,1,-3.92,0.4523,1,0,96
1154,25,3,3,10,3,-1.95,0.4519,1,0,96
1155,6,0,0,3,1,-5.21,0.4514,1,0,96
1156,7,0,0,5,1,-3.82,0.4509,1,0,96
1157,6,0,0,2,1,-4.51,0.4504,1,0,96
1158,12,0,0,2,1,-4.92,0.45,1,0,96
1159,10,0,0,5,1,-5.15,0.4495,1,0,96
1160,18,0,0,8,2,-5.68,0.449,1,0,96
1161,18,0,0,6,2,-5.78,0.4485,1,0,96
1162,6,0,0,3,1,-5.06,0.4481,1,0,96
1163,10,0,0,1,1,-7.3,0.4476,1,0,96
1164,30,0,0,7,3,-6.75,0.4471,1,0,97
1165,7,0,0,6,1,-3.72,0.4466,1,0,97
1166,34,2,2,6,4,-6.24,0.4462,1,0,97
1167,8,0,0,1,1,-6.38,0.4457,1,0,97
1168,7,0,0,3,1,-5.07,0.4452,1,0,97
1169,8,0,0,1,1,-6.38,0.4447,1,0,97
1170,10,0,0,6,1,-4.45,0.4443,1,0,97
1171,8,0,0,4,1,-5.18,0.4438,1,0,97
1172,55,1,1,7,4,-10.05,0.4433,1,0,97
1173,19,0,0,8,2,-6.29,0.4428,1,0,97
1174,6,0,0,2,1,-4.96,0.4424,1,0,97
1175,9,0,0,3,1,-5.24,0.4419,1,0,97
1176,9,0,0,5,1,-5.59,0.4414,1,0,97
1177,22,0,0,6,2,-6.52,0.4409,1,0,97
1178,32,1,1,7,3,-6.42,0.4405,1,0,97
1179,17,0,0,6,1,-6.17,0.44,1,0,97
1180,19,0,0,5,2,-7.04,0.4395,1,0,97
1181,22,0,0,8,2,-6.27,0.439,1,0,97
1182,32,1,1,5,2,-5.87,0.4386,1,0,97
1183,18,0,0,6,2,-5.48,0.4381,1,0,97
1184,24,1,1,8,3,-5.34,0.4376,1,0,97
1185,19,0,0,5,2,-5.04,0.4371,1,0,97
1186,9,0,0,3,1,-4.19,0.4367,1,0,97
1187,5,0,0,3,1,-5.65,0.4362,1,0,97
1188,67,5,5,15,5,-2.92,0.4357,1,0,100
1189,24,0,0,2,3,-6.54,0.4352,1,0,100
1190,10,0,0,5,1,-5.4,0.4348,1,0,100
1191,9,0,0,1,1,-6.44,0.4343,1,0,100
1192,14,0,0,3,2,-6.14,0.4338,1,0,100
1193,10,0,0,3,1,-6.15,0.4333,1,0,100
1194,6,0,0,3,1,-5.11,0.4329,1,0,100
1195,7,0,0,3,1,-4.07,0.4324,1,0,100
1196,52,0,0,6,3,-9.47,0.4319,1,0,100
1197,14,0,0,6,2,-6.19,0.4314,1,0,100
1198,20,0,0,9,2,-4.45,0.431,1,0,100
1199,8,0,0,2,1,-5.43,0.4305,1,0,100
1200,7,0,0,3,1,-4.62,0.43,1,0,100
1201,11,0,0,3,1,-4.41,0.4295,1,0,100
1202,9,0,0,2,1,-5.39,0.4291,1,0,100
1203,13,0,0,5,2,-5.93,0.4286,1,0,100
1204,8,0,0,3,1,-5.58,0.4281,1,0,100
1205,17,0,0,3,2,-7.77,0.4276,1,0,100
1206,6,0,0,3,1,-4.66,0.4272,1,0,100
1207,6,0,0,3,1,-4.11,0.4267,1,0,100
1208,54,2,2,15,5,-3.49,0.4262,1,0,100
1209,32,2,2,6,2,-5.42,0.4257,1,0,100
1210,92,1,1,7,4,-13.67,0.4253,1,0,101
1211,14,0,0,6,2,-5.69,0.4248,1,0,101
1212,15,0,0,4,2,-6.2,0.4243,1,0,101
1213,7,0,0,3,1,-5.17,0.4238,1,0,101
1214,13,0,0,4,2,-5.68,0.4234,1,0,101
1215,14,0,0,5,2,-7.54,0.4229,1,0,101
1216,6,0,0,2,1,-5.51,0.4224,1,0,101
1217,6,0,0,2,1,-4.96,0.4219,1,0,101
1218,22,1,1,7,3,-4.77,0.4214,1,0,101
1219,8,0,0,4,1,-4.43,0.421,1,0,101
1220,24,0,0,8,3,-5.54,0.4205,1,0,101
1221,12,0,0,3,1,-5.32,0.42,1,0,101
1222,45,1,1,8,3,-8.35,0.4196,1,0,101
1223,13,0,0,6,2,-5.18,0.4191,1,0,101
1224,11,0,0,2,1,-6.56,0.4186,1,0,101
1225,25,1,1,10,3,-6.15,0.4181,1,0,101
1226,9,0,0,2,1,-5.94,0.4177,1,0,101
1227,7,0,0,2,1,-5.02,0.4172,1,0,101
1228,6,0,0,3,1,-5.96,0.4167,1,0,101
1229,10,0,0,3,1,-5.2,0.4162,1,0,101
1230,10,0,0,6,1,-4.2,0.4158,1,0,101
1231,8,0,0,3,1,-5.13,0.4153,1,0,101
1232,14,0,0,4,2,-7.24,0.4148,1,0,101
1233,9,0,0,5,1,-5.44,0.4143,1,0,101
1234,9,0,0,3,1,-6.79,0.4139,1,0,101
1235,44,3,3,21,5,-0.49,0.4134,1,0,101
1236,6,0,0,2,1,-5.06,0.4129,1,0,101
1237,14,0,0,5,1,-4.99,0.4124,1,0,101
1238,16,0,0,4,2,-5.61,0.412,1,0,101
1239,7,0,0,2,1,-5.47,0.4115,1,0,101
1240,9,0,0,2,1,-5.69,0.411,1,0,101
1241,13,0,0,2,1,-5.58,0.4105,1,0,101
1242,9,0,0,3,1,-5.64,0.4101,1,0,101
1243,13,0,0,3,2,-6.78,0.4096,1,0,101
1244,25,0,0,7,2,-6.6,0.4091,1,0,101
1245,55,2,2,14,6,-4.95,0.4086,1,0,101
1246,9,0,0,3,1,-6.59,0.4082,1,0,101
1247,40,2,2,9,3,-5.3,0.4077,1,0,101
1248,6,0,0,3,1,-5.46,0.4072,1,0,101
1249,22,0,0,7,3,-6.32,0.4067,1,0,101
1250,9,0,0,1,1,-6.94,0.4062,1,0,101
1251,5,0,0,4,1,-5.05,0.4058,1,0,101
1252,15,0,0,6,2,-6.05,0.4053,1,0,101
1253,34,1,1,8,2,-5.49,0.4048,1,0,101
1254,18,0,0,6,2,-4.48,0.4043,1,0,101
1255,5,0,0,3,1,-4.55,0.4039,1,0,101
1256,59,1,1,9,3,-8.54,0.4034,1,0,101
1257,10,0,0,6,1,-4.25,0.4029,1,0,101
1258,52,1,1,11,4,-6.52,0.4024,1,0,102
1259,50,0,0,6,3,-7.8,0.402,1,0,103
1260,12,0,0,2,1,-6.42,0.4015,1,0,103
1261,39,2,2,5,3,-6.59,0.401,1,0,103
1262,6,0,0,4,1,-4.86,0.4006,1,0,103
1263,35,2,2,8,3,-5.9,0.4001,1,0,103
1264,37,3,3,11,3,-2.22,0.3996,1,0,103
1265,6,0,0,3,1,-4.81,0.3991,1,0,103
1266,10,0,0,3,1,-5.05,0.3987,1,0,103
1267,7,0,0,5,1,-4.42,0.3982,1,0,103
1268,11,0,0,3,1,-5.81,0.3977,1,0,103
1269,8,0,0,4,1,-5.23,0.3972,1,0,103
1270,89,1,1,12,6,-11.04,0.3968,1,0,103
1271,13,0,0,4,1,-4.23,0.3963,1,0,103
1272,10,0,0,1,1,-5.9,0.3958,1,0,103
1273,47,1,1,9,4,-6.77,0.3953,1,0,103
1274,34,0,0,14,4,-4.09,0.3949,1,0,103
1275,6,0,0,3,1,-5.56,0.3944,1,0,103
1276,15,0,0,6,2,-5.9,0.3939,1,0,103
1277,7,0,0,1,1,-5.27,0.3934,1,0,103
1278,56,1,1,11,3,-6.51,0.393,1,0,103
1279,29,1,1,12,4,-4.44,0.3925,1,0,103
1280,30,0,0,3,1,-7.65,0.392,1,0,103
1281,24,0,0,5,2,-7.84,0.3915,1,0,103
1282,6,0,0,3,1,-4.01,0.3911,1,0,103
1283,5,0,0,2,1,-5.85,0.3906,1,0,103
1284,11,0,0,2,1,-5.61,0.3901,1,0,103
1285,44,2,2,8,3,-4.19,0.3896,1,0,103
1286,6,0,0,3,1,-4.71,0.3891,1,0,103
1287,25,0,0,5,3,-7.5,0.3887,1,0,103
1288,33,2,2,12,4,-1.33,0.3882,1,0,103
1289,6,0,0,3,1,-4.11,0.3877,1,0,103
1290,5,0,0,4,1,-5.2,0.3872,1,0,103
1291,5,0,0,4,1,-4.8,0.3868,1,0,103
1292,9,0,0,2,1,-5.24,0.3863,1,0,103
1293,27,0,0,4,2,-5.12,0.3858,1,0,103
1294,14,0,0,4,2,-6.14,0.3853,1,0,103
1295,29,1,1,6,2,-3.84,0.3849,1,0,104
1296,42,0,0,8,3,-7.27,0.3844,1,0,104
1297,6,0,0,3,1,-4.76,0.3839,1,0,104
1298,7,0,0,6,1,-3.37,0.3834,1,0,104
1299,17,0,0,7,1,-5.47,0.383,1,0,104
1300,8,0,0,3,1,-4.53,0.3825,1,0,104
1301,6,0,0,2,1,-6.01,0.382,1,0,104
1302,25,0,0,2,3,-8.2,0.3816,1,0,104
1303,6,0,0,3,1,-4.56,0.3811,1,0,104
1304,35,3,3,15,4,-2.9,0.3806,1,0,104
1305,37,0,0,10,3,-5.97,0.3801,1,0,105
1306,13,0,0,3,2,-6.68,0.3797,1,0,105
1307,14,0,0,3,1,-4.69,0.3792,1,0,105
1308,27,1,1,5,3,-5.32,0.3787,1,0,105
1309,30,0,0,8,2,-7.2,0.3782,1,0,105
1310,8,0,0,3,1,-4.13,0.3778,1,0,105
1311,8,0,0,4,1,-4.73,0.3773,1,0,105
1312,6,0,0,3,1,-4.31,0.3768,1,0,105
1313,15,0,0,3,2,-6.85,0.3763,1,0,105
1314,9,0,0,1,1,-5.84,0.3759,1,0,105
1315,7,0,0,3,1,-5.62,0.3754,1,0,105
1316,30,2,2,7,3,-4.35,0.3749,1,0,105
1317,8,0,0,3,1,-4.13,0.3744,1,0,105
1318,30,0,0,9,2,-6.0,0.374,1,0,105
1319,90,2,3,14,8,-6.7,0.3735,1,0,105
1320,44,2,2,14,4,-1.34,0.373,1,0,105
1321,13,0,0,3,1,-5.78,0.3725,1,0,105
1322,6,0,0,2,1,-5.06,0.372,1,0,105
1323,40,0,0,3,2,-8.1,0.3716,1,0,105
1324,82,1,1,12,5,-8.47,0.3711,1,0,105
1325,25,0,0,7,2,-6.5,0.3706,1,0,105
1326,36,1,1,5,2,-4.76,0.3701,1,0,105
1327,51,2,2,14,5,-6.56,0.3697,1,0,105
1328,6,0,0,2,1,-4.96,0.3692,1,0,105
1329,17,0,0,3,1,-4.62,0.3687,1,0,105
1330,27,0,0,10,3,-5.02,0.3682,1,0,105
1331,34,4,4,14,4,0.01,0.3678,1,0,106
1332,15,0,0,7,2,-6.25,0.3673,1,0,106
1333,24,0,0,7,3,-5.39,0.3668,1,0,106
1334,71,0,0,5,3,-13.31,0.3663,1,0,106
1335,22,0,0,5,2,-6.22,0.3659,1,0,106
1336,9,0,0,3,1,-5.69,0.3654,1,0,106
1337,6,0,0,3,1,-4.66,0.3649,1,0,106
1338,8,0,0,5,1,-4.38,0.3644,1,0,106
1339,8,0,0,2,1,-4.53,0.364,1,0,106
1340,22,2,2,10,3,-2.62,0.3635,1,0,106
1341,7,0,0,3,1,-4.77,0.363,1,0,106
1342,16,0,0,9,2,-5.21,0.3626,1,0,106
1343,68,2,2,13,6,-4.98,0.3621,1,0,106
1344,42,2,2,9,3,-4.07,0.3616,1,0,106
1345,17,0,0,1,1,-7.97,0.3611,1,0,106
1346,7,0,0,2,1,-5.37,0.3607,1,0,106
1347,28,2,2,13,4,-2.53,0.3602,1,0,106
1348,23,0,0,4,3,-8.63,0.3597,1,0,106
1349,15,0,0,6,2,-5.7,0.3592,1,0,106
1350,12,0,0,3,1,-4.32,0.3588,1,0,106
1351,63,4,4,28,7,-0.08,0.3583,1,0,107
1352,30,1,1,10,3,-6.15,0.3578,1,0,107
1353,7,0,0,4,1,-4.32,0.3573,1,0,107
1354,16,0,0,8,2,-5.46,0.3569,1,0,107
1355,6,0,0,3,1,-4.66,0.3564,1,0,107
1356,7,0,0,2,1,-5.92,0.3559,1,0,107
1357,47,0,0,11,3,-4.62,0.3554,1,0,108
1358,46,0,0,1,3,-10.66,0.3549,1,0,108
1359,49,2,2,7,5,-8.19,0.3545,1,0,108
1360,8,0,0,5,1,-4.53,0.354,1,0,108
1361,8,0,0,5,1,-3.43,0.3535,1,0,108
1362,29,1,1,5,3,-6.44,0.353,1,0,108
1363,37,2,2,16,4,-2.37,0.3526,1,0,108
1364,30,2,2,11,3,-2.6,0.3521,1,0,108
1365,8,0,0,5,1,-4.08,0.3516,1,0,108
1366,13,0,0,2,2,-5.78,0.3511,1,0,108
1367,86,1,1,13,6,-12.11,0.3507,1,0,108
1368,6,0,0,1,1,-4.91,0.3502,1,0,108
1369,27,2,2,8,3,-4.67,0.3497,1,0,108
1370,31,3,3,14,4,-1.41,0.3492,1,0,108
1371,6,0,0,3,1,-4.11,0.3488,1,0,108
1372,24,2,2,10,3,-2.99,0.3483,1,0,108
1373,7,0,0,5,1,-4.52,0.3478,1,0,108
1374,9,0,0,3,1,-5.29,0.3473,1,0,108
1375,8,0,0,4,1,-4.83,0.3469,1,0,108
1376,21,2,2,7,2,-4.06,0.3464,1,0,108
1377,8,0,0,2,1,-5.08,0.3459,1,0,108
1378,6,0,0,3,1,-4.11,0.3455,1,0,108
1379,34,0,0,6,3,-8.99,0.345,1,0,108
1380,25,1,1,7,3,-3.9,0.3445,1,0,108
1381,28,1,1,7,3,-5.03,0.344,1,0,108
1382,28,0,0,6,2,-4.83,0.3436,1,0,108
1383,31,1,1,9,3,-4.56,0.3431,1,0,108
1384,8,0,0,3,1,-6.58,0.3426,1,0,108
1385,7,0,0,3,1,-5.67,0.3421,1,0,108
1386,14,0,0,7,2,-4.74,0.3417,1,0,108
1387,62,1,1,4,4,-8.57,0.3412,1,0,108
1388,45,1,1,9,3,-5.15,0.3407,1,0,109
1389,32,0,0,4,1,-6.07,0.3402,1,0,109
1390,50,2,2,7,3,-6.05,0.3398,1,0,109
1391,7,0,0,3,1,-4.82,0.3393,1,0,109
1392,7,0,0,2,1,-5.37,0.3388,1,0,109
1393,39,0,0,11,3,-4.14,0.3383,1,0,109
1394,8,0,0,4,1,-4.78,0.3379,1,0,109
1395,34,3,3,9,3,-2.34,0.3374,1,0,109
1396,13,0,0,5,2,-5.68,0.3369,1,0,109
1397,52,0,0,13,5,-9.32,0.3364,1,0,109
1398,39,2,2,8,3,-3.89,0.336,1,0,109
1399,14,0,0,3,2,-6.79,0.3355,1,0,109
1400,80,4,4,14,4,-1.6,0.335,1,0,109
1401,34,0,0,10,3,-3.74,0.3345,1,0,111
1402,20,1,1,8,3,-3.4,0.3341,1,0,111
1403,38,0,0,7,2,-7.28,0.3336,1,0,111
1404,12,0,0,3,1,-5.22,0.3331,1,0,111
1405,70,0,0,10,4,-8.4,0.3326,1,0,111
1406,23,0,0,12,3,-4.28,0.3322,1,0,111
1407,14,0,0,6,2,-5.64,0.3317,1,0,111
1408,7,0,0,2,1,-4.92,0.3312,1,0,111
1409,15,0,0,5,2,-7.6,0.3307,1,0,111
1410,9,0,0,3,1,-4.19,0.3303,1,0,111
1411,23,0,0,2,1,-6.98,0.3298,1,0,111
1412,9,0,0,3,1,-6.19,0.3293,1,0,111
1413,29,0,0,6,3,-6.34,0.3288,1,0,111
1414,23,1,1,11,3,-3.63,0.3284,1,0,111
1415,26,0,0,8,3,-5.86,0.3279,1,0,111
1416,7,0,0,2,1,-5.47,0.3274,1,0,111
1417,26,0,0,6,3,-5.91,0.3269,1,0,111
1418,7,0,0,6,1,-4.02,0.3265,1,0,111
1419,13,0,0,6,2,-5.08,0.326,1,0,111
1420,7,0,0,3,1,-4.82,0.3255,1,0,111
1421,112,6,6,19,7,-3.72,0.325,1,0,111
1422,7,0,0,3,1,-5.72,0.3246,1,0,111
1423,28,0,1,4,2,-5.53,0.3241,1,0,111
1424,7,0,0,6,1,-4.12,0.3236,1,0,111
1425,7,0,0,2,1,-4.57,0.3231,1,0,111
1426,6,0,0,3,1,-5.16,0.3227,1,0,111
1427,22,0,0,3,1,-6.22,0.3222,1,0,111
1428,108,2,2,21,9,-5.23,0.3217,1,0,111
1429,19,0,0,7,2,-5.69,0.3212,1,0,111
1430,7,0,0,3,1,-5.57,0.3208,1,0,111
1431,13,0,0,5,2,-5.48,0.3203,1,0,111
1432,6,0,0,2,1,-5.06,0.3198,1,0,111
1433,8,0,0,3,1,-5.03,0.3193,1,0,111
1434,52,0,0,6,3,-7.92,0.3189,1,0,111
1435,7,0,0,6,1,-4.12,0.3184,1,0,111
1436,10,0,0,6,1,-4.8,0.3179,1,0,111
1437,6,0,0,2,1,-5.41,0.3174,1,0,111
1438,79,3,3,9,6,-8.49,0.317,1,0,111
1439,10,0,0,3,1,-6.65,0.3165,1,0,111
1440,61,2,2,14,5,-4.51,0.316,1,0,111
1441,8,0,0,3,1,-4.03,0.3155,1,0,111
1442,6,0,0,3,1,-5.61,0.3151,1,0,111
1443,5,0,0,3,1,-5.15,0.3146,1,0,111
1444,10,0,0,2,1,-5.85,0.3141,1,0,111
1445,29,2,2,13,3,-1.99,0.3136,1,0,111
1446,25,1,1,6,3,-6.1,0.3132,1,0,111
1447,41,0,0,4,1,-8.11,0.3127,1,0,111
1448,6,0,0,2,1,-4.96,0.3122,1,0,111
1449,9,0,0,1,1,-4.79,0.3117,1,0,111
1450,7,0,0,2,1,-4.37,0.3113,1,0,111
1451,9,0,0,1,1,-5.44,0.3108,1,0,111
1452,16,0,0,5,2,-6.16,0.3103,1,0,111
1453,6,0,0,2,1,-4.61,0.3098,1,0,111
1454,24,0,0,5,2,-5.79,0.3094,1,0,111
1455,6,0,0,3,1,-4.81,0.3089,1,0,111
1456,9,0,0,1,1,-6.39,0.3084,1,0,111
1457,7,0,0,6,1,-2.97,0.3079,1,0,111
1458,40,0,0,4,3,-7.45,0.3075,1,0,111
1459,29,1,1,5,3,-6.29,0.307,1,0,112
1460,6,0,0,3,1,-4.96,0.3065,1,0,112
1461,50,1,1,9,4,-5.4,0.306,1,0,112
1462,9,0,0,3,1,-5.09,0.3056,1,0,112
1463,64,1,1,5,3,-7.34,0.3051,1,0,112
1464,41,2,2,12,3,-2.91,0.3046,1,0,112
1465,6,0,0,3,1,-5.11,0.3041,1,0,112
1466,36,3,3,11,4,-2.31,0.3037,1,0,112
1467,8,0,0,5,1,-4.33,0.3032,1,0,112
1468,41,2,2,9,4,-2.76,0.3027,1,0,112
1469,6,0,0,2,1,-5.56,0.3022,1,0,112
1470,34,2,2,3,2,-3.99,0.3018,1,0,112
1471,15,0,0,7,2,-5.45,0.3013,1,0,112
1472,74,1,1,22,7,-4.59,0.3008,1,0,112
1473,11,0,0,6,1,-4.41,0.3003,1,0,112
1474,40,1,1,19,4,-2.15,0.2999,1,0,112
1475,25,0,0,10,2,-4.5,0.2994,1,0,112
1476,20,0,0,1,1,-6.95,0.2989,1,0,112
1477,21,0,0,9,3,-4.31,0.2984,1,0,112
1478,39,0,0,5,1,-6.29,0.298,1,0,112
1479,24,0,0,5,2,-8.24,0.2975,1,0,112
1480,30,3,3,12,4,-2.15,0.297,1,0,112
1481,15,0,0,6,2,-5.65,0.2965,1,0,112
1482,9,0,0,5,1,-5.64,0.2961,1,0,112
1483,48,1,1,10,4,-6.03,0.2956,1,0,112
1484,88,0,0,11,4,-7.13,0.2951,1,0,112
1485,29,1,1,12,4,-2.79,0.2946,1,0,112
1486,11,0,0,6,1,-5.16,0.2942,1,0,112
1487,6,0,0,3,1,-4.91,0.2937,1,0,112
1488,6,0,0,1,1,-6.26,0.2932,1,0,112
1489,23,0,0,3,2,-6.98,0.2927,1,0,112
1490,7,0,0,6,1,-4.12,0.2923,1,0,112
1491,15,0,0,7,2,-4.25,0.2918,1,0,112
1492,40,1,1,7,3,-7.0,0.2913,1,0,112
1493,70,3,3,22,7,-1.1,0.2908,1,0,113
1494,32,0,0,11,3,-6.62,0.2903,1,0,113
1495,9,0,0,2,1,-5.39,0.2899,1,0,113
1496,5,0,0,4,1,-5.15,0.2894,1,0,113
1497,30,0,0,9,3,-5.55,0.2889,1,0,113
1498,5,0,0,3,1,-4.55,0.2884,1,0,113
1499,52,2,2,7,4,-7.42,0.288,1,0,113
1500,24,1,1,4,2,-4.49,0.2875,1,0,113
1501,6,0,0,3,1,-4.76,0.287,1,0,113
1502,14,0,0,4,2,-6.04,0.2866,1,0,113
1503,8,0,0,5,1,-3.13,0.2861,1,0,113
1504,16,0,0,8,2,-4.36,0.2856,1,0,113
1505,108,2,2,9,4,-6.38,0.2851,1,0,115
1506,7,0,0,2,1,-5.02,0.2847,1,0,115
1507,74,1,1,7,5,-8.84,0.2842,1,0,115
1508,16,0,0,9,2,-4.51,0.2837,1,0,115
1509,6,0,0,1,1,-5.36,0.2832,1,0,115
1510,6,0,0,3,1,-5.21,0.2828,1,0,115
1511,6,0,0,3,1,-4.21,0.2823,1,0,115
1512,115,2,2,11,7,-9.3,0.2818,1,0,115
1513,86,1,1,12,5,-6.81,0.2813,1,0,116
1514,23,0,0,14,2,-1.68,0.2809,1,0,116
1515,48,2,2,10,5,-5.28,0.2804,1,0,116
1516,46,0,0,10,4,-5.61,0.2799,1,0,116
1517,7,0,0,2,1,-4.82,0.2794,1,0,116
1518,5,0,0,4,1,-4.35,0.279,1,0,116
1519,35,3,3,9,4,-2.4,0.2785,1,0,117
1520,78,0,0,11,5,-9.68,0.278,1,0,117
1521,13,0,0,6,2,-4.73,0.2775,1,0,117
1522,5,0,0,3,1,-4.55,0.2771,1,0,117
1523,45,2,2,15,5,-4.9,0.2766,1,0,117
1524,22,0,0,6,3,-6.57,0.2761,1,0,117
1525,7,0,0,2,1,-4.57,0.2756,1,0,117
1526,30,1,1,6,3,-5.05,0.2752,1,0,117
1527,39,2,2,17,5,-0.49,0.2747,1,0,117
1528,27,2,2,13,3,-0.82,0.2742,1,0,117
1529,5,0,0,2,1,-5.4,0.2737,1,0,117
1530,44,1,1,9,3,-4.19,0.2732,1,0,117
1531,238,1,1,18,10,-14.68,0.2728,1,0,117
1532,41,0,0,10,3,-5.76,0.2723,1,0,117
1533,13,0,0,4,2,-5.98,0.2718,1,0,117
1534,24,3,3,12,3,-0.34,0.2713,1,0,117
1535,37,1,1,5,3,-6.42,0.2709,1,0,117
1536,8,0,0,3,1,-4.53,0.2704,1,0,117
1537,6,0,0,1,1,-5.26,0.2699,1,0,117
1538,7,0,0,2,1,-4.47,0.2694,1,0,117
1539,7,0,0,5,1,-3.82,0.269,1,0,117
1540,14,0,0,5,2,-6.54,0.2685,1,0,117
1541,62,3,3,7,4,-4.52,0.268,1,0,118
1542,8,0,0,5,1,-3.88,0.2676,1,0,118
1543,36,2,2,9,3,-2.26,0.2671,1,0,118
1544,14,0,0,6,2,-5.99,0.2666,1,0,118
1545,36,1,1,11,4,-4.01,0.2661,1,0,118
1546,27,1,1,14,4,-3.57,0.2657,1,0,118
1547,14,0,0,2,1,-6.09,0.2652,1,0,118
1548,14,0,0,6,2,-5.89,0.2647,1,0,118
1549,5,0,0,3,1,-5.2,0.2642,1,0,118
1550,8,0,0,2,1,-4.83,0.2638,1,0,118
1551,12,0,0,3,1,-6.27,0.2633,1,0,118
1552,20,0,0,6,2,-4.85,0.2628,1,0,118
1553,6,0,0,1,1,-5.26,0.2623,1,0,118
1554,10,0,0,3,1,-5.55,0.2619,1,0,118
1555,7,0,0,3,1,-4.97,0.2614,1,0,118
1556,6,0,0,3,1,-5.01,0.2609,1,0,118
1557,56,1,1,11,4,-6.21,0.2604,1,0,121
1558,48,1,1,11,5,-4.63,0.26,1,0,121
1559,7,0,0,3,1,-6.07,0.2595,1,0,121
1560,9,0,0,4,1,-5.39,0.259,1,0,121
1561,29,0,0,8,3,-6.34,0.2585,1,0,121
1562,72,2,2,8,3,-6.17,0.2581,1,0,121
1563,15,0,0,4,2,-5.8,0.2576,1,0,121
1564,13,0,0,4,2,-5.53,0.2571,1,0,121
1565,16,0,0,4,2,-6.51,0.2566,1,0,121
1566,138,2,2,19,6,-4.43,0.2561,1,0,121
1567,60,2,2,8,4,-6.0,0.2557,1,0,124
1568,44,2,2,9,4,-4.04,0.2552,1,0,124
1569,13,0,0,3,2,-6.08,0.2547,1,0,124
1570,8,0,0,4,1,-3.73,0.2542,1,0,124
1571,76,7,7,29,7,3.74,0.2538,1,0,126
1572,57,0,0,13,5,-6.47,0.2533,1,0,126
1573,31,1,1,12,4,-3.51,0.2528,1,0,126
1574,6,0,0,2,1,-5.41,0.2523,1,0,126
1575,78,3,3,10,4,-4.98,0.2519,1,0,126
1576,94,0,0,9,3,-8.39,0.2514,1,0,126
1577,8,0,0,5,1,-3.98,0.2509,1,0,126
1578,6,0,0,3,1,-5.21,0.2504,1,0,126
1579,7,0,0,4,1,-5.27,0.25,1,0,126
1580,7,0,0,2,1,-6.02,0.2495,1,0,126
1581,20,1,1,7,3,-4.05,0.249,1,0,126
1582,10,0,0,5,1,-4.65,0.2486,1,0,126
1583,35,0,0,5,3,-7.2,0.2481,1,0,126
1584,106,1,1,11,6,-9.71,0.2476,1,0,126
1585,99,3,3,11,5,-5.24,0.2471,1,0,126
1586,14,0,0,5,2,-5.19,0.2467,1,0,126
1587,7,0,0,6,1,-3.02,0.2462,1,0,126
1588,23,0,0,8,3,-4.93,0.2457,1,0,126
1589,6,0,0,3,1,-5.21,0.2452,1,0,126
1590,5,0,0,4,1,-4.7,0.2448,1,0,126
1591,55,0,0,14,5,-5.75,0.2443,1,0,126
1592,21,1,1,8,3,-4.51,0.2438,1,0,126
1593,59,0,0,9,3,-6.44,0.2433,1,0,126
1594,7,0,0,3,1,-5.72,0.2429,1,0,126
1595,90,3,3,16,8,-4.55,0.2424,1,0,126
1596,6,0,0,3,1,-5.01,0.2419,1,0,126
1597,9,0,0,5,1,-4.99,0.2414,1,0,126
1598,58,0,0,4,2,-7.38,0.2409,1,0,126
1599,105,2,2,19,7,-6.6,0.2405,1,0,126
1600,103,7,7,29,8,6.17,0.24,1,0,126
1601,15,0,0,8,2,-4.5,0.2395,1,0,126
1602,5,0,0,3,1,-4.0,0.239,1,0,126
1603,7,0,0,2,1,-5.92,0.2386,1,0,126
1604,6,0,0,3,1,-4.21,0.2381,1,0,126
1605,8,0,0,5,1,-3.33,0.2376,1,0,126
1606,34,1,1,8,4,-5.24,0.2371,1,0,126
1607,49,1,1,9,3,-5.14,0.2367,1,0,126
1608,9,0,0,2,1,-5.14,0.2362,1,0,126
1609,95,0,0,2,3,-11.15,0.2357,1,0,126
1610,34,1,1,14,5,-1.89,0.2352,1,0,126
1611,46,2,2,8,5,-3.16,0.2348,1,0,126
1612,10,0,0,5,1,-6.05,0.2343,1,0,126
1613,8,0,0,2,1,-4.48,0.2338,1,0,126
1614,28,2,2,9,3,-1.53,0.2333,1,0,126
1615,5,0,0,3,1,-5.0,0.2329,1,0,126
1616,6,0,0,2,1,-5.41,0.2324,1,0,126
1617,21,0,0,11,3,-4.41,0.2319,1,0,126
1618,28,0,0,4,1,-5.28,0.2314,1,0,126
1619,20,0,0,6,3,-6.3,0.231,1,0,126
1620,78,1,1,13,4,-2.83,0.2305,1,0,127
1621,8,0,0,4,1,-5.73,0.23,1,0,127
1622,56,2,2,19,5,0.09,0.2296,1,0,127
1623,6,0,0,3,1,-4.21,0.2291,1,0,127
1624,12,0,0,5,2,-5.72,0.2286,1,0,127
1625,67,2,2,16,4,-2.62,0.2281,1,0,127
1626,23,1,1,12,3,-1.88,0.2277,1,0,127
1627,16,0,0,3,1,-4.36,0.2272,1,0,127
1628,56,2,2,14,5,-1.61,0.2267,1,0,127
1629,7,0,0,6,1,-4.02,0.2262,1,0,127
1630,54,0,0,6,2,-6.14,0.2258,1,0,127
1631,6,0,0,3,1,-4.66,0.2253,1,0,127
1632,8,0,0,6,1,-3.33,0.2248,1,0,127
1633,79,2,2,11,3,-3.69,0.2243,1,0,127
1634,36,0,0,8,2,-4.26,0.2239,1,0,127
1635,8,0,0,3,1,-4.28,0.2234,1,0,127
1636,21,0,0,7,3,-6.66,0.2229,1,0,127
1637,84,1,1,14,4,-6.09,0.2224,1,0,127
1638,52,0,0,6,3,-8.02,0.222,1,0,127
1639,8,0,0,4,1,-5.28,0.2215,1,0,127
1640,6,0,0,2,1,-5.06,0.221,1,0,127
1641,6,0,0,2,1,-5.06,0.2205,1,0,127
1642,21,2,2,10,3,-1.41,0.2201,1,0,127
1643,82,3,3,13,4,-0.57,0.2196,1,0,127
1644,245,3,3,14,9,-9.95,0.2191,1,0,127
1645,70,1,1,12,6,-6.0,0.2186,1,0,128
1646,21,0,0,7,3,-5.16,0.2182,1,0,128
1647,44,1,1,7,3,-5.74,0.2177,1,0,128
1648,71,2,2,14,5,-3.46,0.2172,1,0,128
1649,7,0,0,4,1,-4.32,0.2167,1,0,128
1650,8,0,0,3,1,-5.33,0.2163,1,0,128
1651,80,2,2,12,5,-3.9,0.2158,1,0,128
1652,36,1,1,9,3,-3.86,0.2153,1,0,128
1653,8,0,0,5,1,-3.58,0.2148,1,0,128
1654,108,1,1,11,4,-9.48,0.2144,1,0,128
1655,29,1,1,13,4,-2.19,0.2139,1,0,128
1656,38,1,1,7,3,-6.18,0.2134,1,0,128
1657,7,0,0,5,1,-3.77,0.2129,1,0,128
1658,24,0,0,10,3,-5.29,0.2125,1,0,128
1659,14,0,0,4,2,-4.94,0.212,1,0,128
1660,65,2,2,11,4,-4.25,0.2115,1,0,128
1661,6,0,0,3,1,-5.56,0.211,1,0,128
1662,8,0,0,5,1,-3.48,0.2106,1,0,128
1663,6,0,0,2,1,-4.96,0.2101,1,0,128
1664,88,2,2,9,4,-5.93,0.2096,1,0,128
1665,112,1,1,7,4,-10.77,0.2091,1,0,128
1666,14,0,0,7,2,-5.09,0.2087,1,0,128
1667,16,0,0,5,2,-5.66,0.2082,1,0,128
1668,21,2,2,11,3,-1.11,0.2077,1,0,128
1669,7,0,0,6,1,-3.12,0.2072,1,0,128
1670,8,0,0,5,1,-4.38,0.2068,1,0,128
1671,5,0,0,3,1,-4.9,0.2063,1,0,128
1672,23,1,1,10,3,-3.53,0.2058,1,0,128
1673,13,0,0,5,2,-5.23,0.2053,1,0,128
1674,28,1,1,8,3,-3.68,0.2049,1,0,128
1675,7,0,0,3,1,-4.57,0.2044,1,0,128
1676,58,2,2,11,5,-4.18,0.2039,1,0,128
1677,6,0,0,3,1,-4.66,0.2034,1,0,128
1678,6,0,0,1,1,-5.81,0.203,1,0,128
1679,23,2,2,12,3,-2.48,0.2025,1,0,128
1680,8,0,0,2,1,-4.98,0.202,1,0,128
1681,32,0,0,7,2,-5.92,0.2015,1,0,128
1682,46,2,2,12,4,-3.76,0.2011,1,0,128
1683,35,1,1,10,4,-3.35,0.2006,1,0,128
1684,87,2,2,12,4,-6.27,0.2001,1,0,129
1685,48,0,0,7,3,-5.48,0.1996,1,0,129
1686,9,0,0,3,1,-5.09,0.1992,1,0,129
1687,7,0,0,5,1,-4.07,0.1987,1,0,129
1688,39,2,2,6,4,-4.54,0.1982,1,0,129
1689,7,0,0,5,1,-3.77,0.1977,1,0,129
1690,35,6,6,15,5,3.45,0.1973,1,0,129
1691,74,2,2,9,4,-2.64,0.1968,1,0,129
1692,15,0,0,7,2,-4.55,0.1963,1,0,129
1693,6,0,0,3,1,-4.66,0.1958,1,0,129
1694,20,2,2,9,2,-2.55,0.1954,1,0,129
1695,8,0,0,1,1,-5.83,0.1949,1,0,129
1696,67,4,4,22,6,0.93,0.1944,1,0,131
1697,55,0,0,8,3,-7.3,0.1939,1,0,131
1698,7,0,0,2,1,-5.37,0.1935,1,0,131
1699,8,0,0,5,1,-4.73,0.193,1,0,131
1700,187,5,5,16,10,-4.17,0.1925,1,0,131
1701,28,1,1,13,4,-2.03,0.192,1,0,131
1702,6,0,0,2,1,-4.61,0.1916,1,0,131
1703,48,1,1,12,4,-2.88,0.1911,1,0,131
1704,13,0,0,4,2,-5.08,0.1906,1,0,131
1705,55,0,0,9,2,-5.0,0.1901,1,0,131
1706,44,0,0,7,3,-5.84,0.1897,1,0,131
1707,5,0,0,4,1,-4.9,0.1892,1,0,131
1708,7,0,0,1,1,-5.87,0.1887,1,0,131
1709,23,2,2,8,3,-3.18,0.1882,1,0,131
1710,30,2,2,13,3,-2.8,0.1878,1,0,131
1711,8,0,0,3,1,-4.18,0.1873,1,0,131
1712,108,0,0,9,3,-6.93,0.1868,1,0,131
1713,9,0,0,3,1,-5.59,0.1863,1,0,131
1714,7,0,0,5,1,-3.97,0.1859,1,0,131
1715,67,3,3,17,5,-0.37,0.1854,1,0,131
1716,60,0,0,12,4,-5.0,0.1849,1,0,131
1717,400,2,2,10,7,-12.65,0.1844,0,1,131
1718,21,2,2,8,3,-3.26,0.184,1,0,131
1719,8,0,0,5,1,-4.23,0.1835,1,0,131
1720,13,0,0,8,2,-3.08,0.183,1,0,131
1721,55,3,3,10,4,-2.35,0.1825,1,0,131
1722,30,1,1,8,3,-4.9,0.1821,1,0,131
1723,62,3,3,12,5,-3.82,0.1816,1,0,131
1724,314,3,3,12,9,-8.44,0.1811,1,0,131
1725,5,0,0,4,1,-5.15,0.1806,1,0,131
1726,20,0,0,7,2,-4.8,0.1802,1,0,131
1727,7,0,0,2,1,-4.57,0.1797,1,0,131
1728,6,0,0,3,1,-4.56,0.1792,1,0,131
1729,6,0,0,1,1,-5.71,0.1787,1,0,131
1730,37,2,2,17,5,-0.97,0.1783,1,0,131
1731,131,0,0,14,6,-8.16,0.1778,1,0,131
1732,70,0,0,10,3,-5.4,0.1773,1,0,131
1733,23,2,2,11,3,-1.83,0.1768,1,0,131
1734,13,0,0,6,2,-5.28,0.1764,1,0,131
1735,27,2,2,7,3,-2.12,0.1759,1,0,131
1736,56,0,0,12,3,-4.61,0.1754,1,0,131
1737,93,2,2,10,3,-5.93,0.1749,1,0,131
1738,20,0,0,9,3,-4.85,0.1744,1,0,131
1739,6,0,0,3,1,-5.11,0.174,1,0,131
1740,37,0,0,11,4,-4.52,0.1735,1,0,131
1741,91,3,3,12,6,-4.91,0.173,1,0,132
1742,117,7,7,33,11,5.13,0.1726,1,0,133
1743,55,2,2,22,5,0.95,0.1721,1,0,133
1744,17,0,0,6,2,-5.72,0.1716,1,0,133
1745,18,0,0,8,1,-3.13,0.1711,1,0,133
1746,35,0,0,6,3,-4.5,0.1707,1,0,133
1747,6,0,0,3,1,-4.66,0.1702,1,0,133
1748,21,0,0,8,3,-4.71,0.1697,1,0,133
1749,37,1,1,16,5,-1.42,0.1692,1,0,133
1750,7,0,0,5,1,-3.97,0.1688,1,0,133
1751,61,2,2,13,4,-2.71,0.1683,1,0,133
1752,7,0,0,3,1,-4.27,0.1678,1,0,133
1753,21,1,1,10,3,-2.56,0.1673,1,0,133
1754,17,2,2,7,2,-2.37,0.1669,1,0,133
1755,80,0,0,8,5,-4.65,0.1664,1,0,133
1756,7,0,0,4,1,-3.82,0.1659,1,0,133
1757,15,0,0,8,2,-4.5,0.1654,1,0,133
1758,280,8,8,41,14,4.7,0.165,1,0,134
1759,14,0,0,7,2,-4.29,0.1645,1,0,134
1760,76,3,3,17,5,-0.91,0.164,1,0,134
1761,196,5,5,34,9,-0.51,0.1635,1,0,135
1762,400,12,12,40,17,4.85,0.1631,0,1,136
1763,166,9,9,34,10,9.29,0.1626,1,0,136
1764,286,3,3,23,13,-11.36,0.1621,1,0,136
1765,7,0,0,6,1,-3.47,0.1616,1,0,136
1766,181,1,1,11,4,-10.16,0.1612,1,0,136
1767,15,0,0,4,2,-5.45,0.1607,1,0,136
1768,14,0,0,5,2,-5.79,0.1602,1,0,136
1769,132,3,3,14,7,-4.92,0.1597,1,0,136
1770,27,1,1,14,4,-3.42,0.1593,1,0,136
1771,94,2,2,7,6,-7.19,0.1588,1,0,136
1772,19,0,0,5,2,-5.24,0.1583,1,0,136
1773,9,0,0,5,1,-4.49,0.1578,1,0,136
1774,35,0,0,15,5,-4.05,0.1573,1,0,136
1775,86,7,7,30,9,7.04,0.1569,1,0,136
1776,22,1,1,12,3,-2.12,0.1564,1,0,136
1777,159,5,5,17,8,-0.14,0.1559,1,0,136
1778,7,0,0,4,1,-3.82,0.1554,1,0,136
1779,24,0,0,12,3,-2.49,0.155,1,0,136
1780,5,0,0,4,1,-4.0,0.1545,1,0,136
1781,6,0,0,3,1,-4.46,0.154,1,0,136
1782,400,11,11,33,20,4.75,0.1536,0,1,136
1783,123,2,2,15,10,-5.53,0.1531,1,0,136
1784,27,0,0,9,3,-4.27,0.1526,1,0,136
1785,81,4,4,21,7,0.84,0.1521,1,0,136
1786,69,3,3,10,5,-2.94,0.1517,1,0,136
1787,7,0,0,5,1,-3.82,0.1512,1,0,136
1788,163,7,7,29,11,2.67,0.1507,1,0,137
1789,6,0,0,1,1,-6.16,0.1502,1,0,137
1790,20,0,0,8,3,-5.3,0.1498,1,0,137
1791,400,5,5,22,17,-4.1,0.1493,0,1,138
1792,80,2,2,26,7,-0.1,0.1488,1,0,138
1793,170,10,10,44,13,7.75,0.1483,1,0,138
1794,73,1,1,17,5,-2.43,0.1479,1,0,138
1795,37,0,0,3,2,-5.77,0.1474,1,0,138
1796,7,0,0,5,1,-3.97,0.1469,1,0,138
1797,38,4,4,15,5,1.42,0.1464,1,0,138
1798,228,4,4,14,7,-6.48,0.146,1,0,138
1799,27,0,0,11,4,-3.92,0.1455,1,0,138
1800,30,1,1,12,4,-3.35,0.145,1,0,138
1801,141,9,9,30,9,6.44,0.1445,1,0,138
1802,8,0,0,3,1,-5.28,0.1441,1,0,138
1803,128,7,7,31,10,2.27,0.1436,1,0,138
1804,31,1,1,8,3,-3.06,0.1431,1,0,138
1805,29,3,3,12,4,-1.39,0.1426,1,0,138
1806,31,1,1,13,4,-1.21,0.1421,1,0,138
1807,14,0,0,6,2,-5.24,0.1417,1,0,138
1808,188,5,5,20,8,-2.93,0.1412,1,0,139
1809,49,0,0,12,3,-3.54,0.1407,1,0,139
1810,34,0,0,8,2,-3.14,0.1402,1,0,139
1811,7,0,0,5,1,-3.97,0.1398,1,0,139
1812,55,7,7,20,7,4.9,0.1393,1,0,139
1813,7,0,0,6,1,-3.22,0.1388,1,0,139
1814,57,2,2,19,6,-1.37,0.1383,1,0,139
1815,31,2,2,14,4,-1.81,0.1379,1,0,139
1816,40,2,2,8,3,-4.35,0.1374,1,0,139
1817,183,3,3,19,8,-2.93,0.1369,1,0,139
1818,182,8,8,37,12,4.83,0.1364,1,0,139
1819,8,0,0,4,1,-4.73,0.136,1,0,139
1820,400,4,4,24,10,-1.0,0.1355,0,1,140
1821,185,11,11,44,14,9.15,0.135,1,0,140
1822,6,0,0,3,1,-4.56,0.1346,1,0,140
1823,90,6,6,22,8,2.4,0.1341,1,0,140
1824,26,1,1,13,3,-1.21,0.1336,1,0,140
1825,46,2,2,12,4,-1.46,0.1331,1,0,140
1826,5,0,0,4,1,-5.3,0.1327,1,0,140
1827,6,0,0,3,1,-4.76,0.1322,1,0,140
1828,263,10,10,27,11,3.02,0.1317,1,0,140
1829,33,0,0,21,4,-2.08,0.1312,1,0,140
1830,138,6,6,28,10,4.57,0.1308,1,0,140
1831,6,0,0,2,1,-5.06,0.1303,1,0,140
1832,400,10,10,44,17,6.9,0.1298,0,1,140
1833,14,0,0,4,2,-4.84,0.1293,1,0,140
1834,7,0,0,2,1,-5.47,0.1289,1,0,140
1835,20,1,1,8,3,-4.25,0.1284,1,0,140
1836,325,10,10,29,15,4.35,0.1279,1,0,140
1837,75,1,1,14,5,-4.6,0.1274,1,0,140
1838,101,5,5,19,7,0.19,0.127,1,0,140
1839,14,0,0,7,2,-4.29,0.1265,1,0,140
1840,27,2,2,8,4,-3.97,0.126,1,0,140
1841,34,3,3,11,5,-1.34,0.1255,1,0,140
1842,187,6,6,20,6,-0.07,0.125,1,0,140
1843,400,3,3,22,15,-4.8,0.1246,0,1,140
1844,400,25,25,64,24,20.0,0.1241,0,1,140
1845,10,0,0,6,1,-3.55,0.1236,1,0,140
1846,20,0,0,8,3,-4.85,0.1231,1,0,140
1847,329,7,7,23,11,0.06,0.1227,1,0,140
1848,153,1,1,10,4,-4.83,0.1222,1,0,140
1849,31,1,1,9,3,-2.36,0.1217,1,0,140
1850,7,0,0,5,1,-3.62,0.1212,1,0,140
1851,113,3,3,14,6,-3.63,0.1208,1,0,140
1852,400,20,21,69,20,22.05,0.1203,0,1,140
1853,159,8,8,38,10,8.01,0.1198,1,0,140
1854,30,1,1,9,4,-3.75,0.1193,1,0,140
1855,253,2,2,21,8,-9.63,0.1189,1,0,140
1856,14,0,0,8,2,-3.39,0.1184,1,0,140
1857,50,1,1,15,5,-3.35,0.1179,1,0,140
1858,400,9,9,50,19,8.95,0.1174,0,1,140
1859,400,15,15,64,17,14.6,0.117,0,1,140
1860,15,0,0,4,2,-6.25,0.1165,1,0,140
1861,7,0,0,3,1,-5.17,0.116,1,0,140
1862,334,10,10,31,12,5.81,0.1156,1,0,140
1863,107,4,4,25,7,2.08,0.1151,1,0,140
1864,39,3,3,15,5,-0.29,0.1146,1,0,140
1865,58,3,3,20,7,-0.33,0.1141,1,0,140
1866,46,3,3,15,5,1.69,0.1137,1,0,140
1867,150,5,5,22,7,1.15,0.1132,1,0,141
1868,7,0,0,5,1,-3.87,0.1127,1,0,141
1869,370,15,15,58,18,12.9,0.1122,1,0,141
1870,169,2,2,13,6,-5.74,0.1118,1,0,141
1871,400,20,20,62,19,27.1,0.1113,0,1,141
1872,113,7,7,25,9,2.17,0.1108,1,0,141
1873,13,0,0,3,2,-5.83,0.1103,1,0,141
1874,400,11,11,25,10,9.45,0.1099,0,1,141
1875,29,2,2,13,4,-2.09,0.1094,1,0,141
1876,137,3,3,16,5,-1.67,0.1089,1,0,141
1877,20,3,3,8,3,-2.15,0.1084,1,0,142
1878,21,1,1,10,3,-3.16,0.108,1,0,142
1879,34,2,2,14,5,-3.19,0.1075,1,0,142
1880,20,1,1,8,3,-4.5,0.107,1,0,142
1881,250,3,3,25,10,-4.85,0.1065,1,0,142
1882,27,1,1,13,4,-1.42,0.1061,1,0,142
1883,7,0,0,6,1,-3.67,0.1056,1,0,142
1884,13,0,0,5,2,-5.23,0.1051,1,0,142
1885,137,1,1,15,5,-4.52,0.1046,1,0,142
1886,6,0,0,2,1,-5.06,0.1042,1,0,142
1887,290,3,3,18,7,-4.95,0.1037,1,0,142
1888,80,0,0,11,3,-6.35,0.1032,1,0,142
1889,27,1,1,12,4,-3.32,0.1027,1,0,142
1890,14,0,0,5,2,-4.64,0.1023,1,0,142
1891,400,7,7,44,13,10.85,0.1018,0,1,142
1892,129,3,3,18,6,-2.14,0.1013,1,0,142
1893,14,0,0,9,2,-3.19,0.1008,1,0,142
1894,400,11,11,31,12,11.55,0.1004,0,1,142
1895,271,6,6,26,10,-1.96,0.0999,1,0,142
1896,193,7,7,25,9,-0.28,0.0994,1,0,142
1897,7,0,0,4,1,-3.82,0.0989,1,0,142
1898,211,4,4,32,12,-2.16,0.0985,1,0,142
1899,56,1,1,18,6,-0.86,0.098,1,0,142
1900,109,7,7,35,11,6.21,0.0975,1,0,142
1901,56,5,5,27,7,4.44,0.097,1,0,142
1902,27,2,2,11,4,-2.27,0.0966,1,0,142
1903,7,0,0,4,1,-3.77,0.0961,1,0,142
1904,5,0,0,3,1,-4.75,0.0956,1,0,142
1905,28,2,2,12,4,-1.18,0.0951,1,0,142
1906,79,6,6,36,10,7.71,0.0947,1,0,142
1907,400,15,15,42,14,14.95,0.0942,0,1,142
1908,68,1,1,19,6,-4.03,0.0937,1,0,142
1909,5,0,0,3,1,-5.6,0.0932,1,0,142
1910,400,12,12,48,16,13.45,0.0928,0,1,142
1911,382,20,20,73,22,22.38,0.0923,1,0,142
1912,400,28,28,82,29,36.5,0.0918,0,1,142
1913,23,1,1,10,3,-2.08,0.0913,1,0,142
1914,400,11,11,58,20,15.15,0.0909,0,1,142
1915,31,0,0,14,4,-4.86,0.0904,1,0,142
1916,30,0,0,11,4,-4.5,0.0899,1,0,142
1917,6,0,0,2,1,-4.61,0.0894,1,0,142
1918,400,9,9,51,19,11.7,0.089,0,1,142
1919,13,0,0,5,2,-5.03,0.0885,1,0,142
1920,312,12,12,69,20,14.18,0.088,1,0,142
1921,6,0,0,3,1,-4.56,0.0875,1,0,142
1922,17,0,0,6,2,-4.77,0.0871,1,0,142
1923,40,0,0,16,5,-2.15,0.0866,1,0,142
1924,400,16,16,61,20,21.05,0.0861,0,1,142
1925,221,10,10,57,19,11.49,0.0856,1,0,143
1926,45,1,1,16,6,-3.65,0.0852,1,0,143
1927,51,3,4,17,5,1.24,0.0847,1,0,145
1928,113,14,14,48,13,19.42,0.0842,1,0,145
1929,28,2,2,14,4,-1.43,0.0837,1,0,145
1930,14,0,0,10,2,-2.59,0.0833,1,0,145
1931,7,0,0,5,1,-3.97,0.0828,1,0,145
1932,81,5,5,24,6,2.94,0.0823,1,0,145
1933,362,17,17,56,20,19.98,0.0818,1,0,145
1934,91,6,6,33,11,2.14,0.0814,1,0,145
1935,28,0,0,12,4,-4.28,0.0809,1,0,145
1936,35,3,3,15,5,-1.45,0.0804,1,0,145
1937,171,13,13,61,15,15.64,0.0799,1,0,145
1938,27,1,1,10,4,-4.07,0.0795,1,0,145
1939,57,6,6,27,7,5.83,0.079,1,0,145
1940,46,3,3,23,6,1.64,0.0785,1,0,145
1941,5,0,0,3,1,-4.0,0.078,1,0,145
1942,58,4,4,25,8,1.32,0.0776,1,0,145
1943,78,5,5,24,7,3.12,0.0771,1,0,145
1944,315,12,12,56,19,6.95,0.0766,1,0,145
1945,238,7,7,26,8,1.72,0.0761,1,0,145
1946,39,3,3,17,5,1.06,0.0757,1,0,145
1947,94,3,3,29,8,1.16,0.0752,1,0,145
1948,60,6,6,24,8,3.95,0.0747,1,0,145
1949,88,4,4,29,8,1.42,0.0742,1,0,145
1950,400,13,13,59,23,16.65,0.0738,0,1,145
1951,190,11,11,49,14,12.4,0.0733,1,0,145
1952,362,7,7,36,12,3.08,0.0728,1,0,145
1953,44,2,2,19,6,0.01,0.0723,1,0,145
1954,60,4,4,23,8,0.25,0.0719,1,0,145
1955,400,17,17,92,25,29.6,0.0714,0,1,145
1956,91,2,2,16,6,-3.01,0.0709,1,0,145
1957,42,1,1,18,5,-1.72,0.0704,1,0,145
1958,383,15,15,60,17,17.72,0.07,1,0,145
1959,96,11,11,58,12,19.69,0.0695,1,0,145
1960,49,3,3,26,6,2.06,0.069,1,0,145
1961,257,7,7,33,13,4.08,0.0685,1,0,145
1962,24,0,0,12,3,-2.94,0.0681,1,0,145
1963,90,1,1,28,7,0.8,0.0676,1,0,145
1964,76,3,3,34,10,2.49,0.0671,1,0,145
1965,400,17,17,60,16,23.9,0.0666,0,1,145
1966,113,1,1,16,6,-3.68,0.0662,1,0,145
1967,95,2,2,26,9,-1.45,0.0657,1,0,145
1968,400,12,12,45,17,11.95,0.0652,0,1,145
1969,28,2,2,13,4,-1.43,0.0647,1,0,145
1970,29,1,1,12,4,-2.89,0.0643,1,0,145
1971,204,7,7,26,10,0.86,0.0638,1,0,145
1972,141,8,8,30,10,6.54,0.0633,1,0,145
1973,132,2,2,13,6,-3.32,0.0628,1,0,145
1974,88,4,4,17,5,0.72,0.0624,1,0,145
1975,299,12,12,63,20,15.26,0.0619,1,0,145
1976,65,6,6,16,6,2.55,0.0614,1,0,145
1977,154,7,7,27,8,6.11,0.0609,1,0,145
1978,116,10,10,40,13,10.19,0.0605,1,0,145
1979,35,2,2,12,5,-3.45,0.06,1,0,145
1980,20,1,1,10,3,-2.5,0.0595,1,0,145
1981,185,2,2,19,6,-5.05,0.059,1,0,145
1982,78,10,10,31,9,9.47,0.0586,1,0,145
1983,265,2,2,27,8,-2.1,0.0581,1,0,145
1984,313,12,12,44,13,10.52,0.0576,1,0,145
1985,188,6,6,29,10,1.62,0.0571,1,0,145
1986,7,0,0,5,1,-3.92,0.0567,1,0,145
1987,28,1,1,10,4,-3.63,0.0562,1,0,145
1988,79,5,5,23,8,1.86,0.0557,1,0,145
1989,7,0,0,6,1,-3.42,0.0552,1,0,145
1990,400,6,6,35,9,8.55,0.0548,0,1,145
1991,20,0,0,6,3,-4.55,0.0543,1,0,145
1992,262,8,8,47,14,8.53,0.0538,1,0,145
1993,400,18,18,60,18,26.65,0.0533,0,1,145
1994,296,6,6,27,8,-0.71,0.0529,1,0,145
1995,400,17,17,70,25,19.95,0.0524,0,1,145
1996,27,0,0,14,4,-3.47,0.0519,1,0,145
1997,400,26,26,73,24,37.0,0.0514,0,1,145
1998,400,21,21,78,26,30.7,0.051,0,1,145
1999,29,0,0,15,4,-2.34,0.0505,1,0,145
2000,400,5,5,29,10,4.3,0.05,0,1,145
